Name;ADIDAS (XET);AIRBUS (XET);ALLIANZ (XET);BASF (XET);BAYER (XET);BEIERSDORF (XET);BMW (XET);BRENNTAG (XET);COMMERZBANK (XET);CONTINENTAL (XET);COVESTRO (XET);DAIMLER TRUCK (XET) HOLDING E;DEUTSCHE BANK (XET);DEUTSCHE BOERSE (XET);DEUTSCHE POST (XET);DEUTSCHE TELEKOM (XET);DR ING HC F PORSCHE(XET) PREF.;E ON N (XET);FRESENIUS (XET);HANNOVER RUECK (XET);HEIDELBERG (XET) MATERIALS;HENKEL PREF. (XET);INFINEON TECHS. (XET);MERCEDES-BENZ GROUP(XET) N;MERCK KGAA (XET);MTU AERO ENGINES (XET) HLDG.;MUENCHENER RUCK. (XET);PORSCHE AML.HLDG. (XET) PREF.;QIAGEN (XET);RHEINMETALL (XET);RWE (XET);SAP (XET);SARTORIUS PREF. (XET);SIEMENS (XET);SIEMENS ENERGY N (XET);SIEMENS (XET) HEALTHINEERS;SYMRISE (XET);VOLKSWAGEN PREF. (XET);VONOVIA (XET);ZALANDO (XET)
16.10.2023;170,4;122,92;224,25;42,52;43,595;121,25;98,64;71,5;10,545;63,68;47,6;31,2;10,132;160,3;39,015;20,36;90,34;11;25,19;206,2;74,16;67,32;31,915;64,7;149,35;167,95;377;46,85;36,9;269,6;34;122,66;269,8;133,9;11,66;47,67;92,54;108,62;22,46;22,65
17.10.2023;170,96;127,28;224,55;42,455;43,2;121,7;98,26;69,08;10,47;64,18;47,86;31;10,072;158,05;38,715;20,345;91,34;10,995;25,27;207,2;74,2;67,08;31,63;64,87;148,4;168,2;377,3;46,65;36,88;268;33,84;123,32;263,4;133,96;11,61;47,88;92,08;108,52;22,46;22,45
18.10.2023;176,36;124,66;223,3;41,84;42,525;121,55;97,91;69;10,36;63,82;46,83;31,02;9,808;157,2;38,435;20,47;91,56;10,98;24,79;209,5;71,98;67,08;31,12;64,18;145,55;166,45;378,1;46,38;36,45;267,1;33,66;121,14;254,2;130,4;11,43;47,32;91,64;107,62;21,6;22,66
19.10.2023;174,32;123,84;221,25;41,43;42,145;121,05;95,31;67,96;10,255;60,98;47,62;30,36;9,749;157,65;37,845;20,35;91,3;10,91;24,9;210,8;70,84;67,12;30,065;63,45;150,05;167,05;377,7;45,81;35,49;258,3;34,24;127,28;257,5;129,86;11,245;46,03;91,4;105,3;20,51;22,12
20.10.2023;170;121,28;217,4;40,995;41,475;121,65;93,56;68;10,115;60,48;47,89;29,99;9,528;157,7;37,4;20,205;89,12;10,9;25,22;204,9;66,02;66,72;29,4;62,01;148,8;164,7;369,4;44,6;35,54;259,9;34,13;123,92;240;127,12;10,87;46;91,16;103,14;20,44;21,93
23.10.2023;169;122,56;217,8;40,92;40,985;121,9;93,31;68,12;10,215;60,6;49,1;29,92;9,614;156,95;37,77;20,185;88,02;10,925;25,3;205,1;67,5;66,94;29,08;61,7;144,85;166,3;372,1;43,78;35,47;258,9;33,99;123,92;234,2;127,7;10,685;46,97;90,98;102,24;20,16;22,45
24.10.2023;172,02;125,24;218,15;40,95;41,285;122,1;92,51;68,4;10,05;60,22;49,51;29,84;9,501;155,35;37,515;20,215;86,9;11,095;25,18;206,9;67,46;67,1;29,07;61,53;146,7;176,45;374,6;43,34;35,25;267;35,07;125,76;234,9;127,44;10,835;47,63;90,52;101,78;20,58;23,15
25.10.2023;171,5;125,12;220,15;40,585;41,035;124,35;91,38;68,22;10,065;59,68;48,75;29,96;10,278;155,8;36,78;20,485;86,52;11,1;24,98;211,4;67,84;67,98;28,765;61,38;144,6;178,4;382,5;43,19;35,07;266,7;35,31;125;224,5;126,96;10,65;47,83;94,12;100,8;20,22;21,8
26.10.2023;166,46;126,42;219,55;41,185;40,76;121,45;88,63;68,56;9,994;59,2;48,66;29,88;10,38;156,1;36,365;20,385;83,52;11,11;24,67;209,1;67,5;67,92;29,375;57,84;144,45;179,9;378,1;42,7;34,97;271;35,46;124,78;221,8;121,2;6,87;46,11;95,22;99,97;20,52;21,32
27.10.2023;166,3;124,94;218,6;41,46;40,51;121,45;88,49;69,04;10,04;60,26;47;29,74;10,406;155,1;36,52;20,385;82,12;11,11;24,45;206,2;67,7;67,26;29,13;56,21;143;174,95;375,5;42,26;34,4;266,1;35,56;125,02;230,3;122,42;7,488;45,86;94,94;99,29;20,73;21,27
30.10.2023;166,44;126,32;221,05;41,68;40,68;122,8;87,71;69,28;10,135;60,46;47,17;29,62;10,408;155,95;36,61;20,475;83,26;11,09;24,28;207,8;68,76;67,8;27,28;55,58;137,85;177,65;379,6;41,95;33,38;270,1;35,8;125,6;217,8;123,7;8,436;45,77;95,46;99,14;21;21,2
31.10.2023;167,2;126,26;220,9;43,535;40,66;124,05;87,63;70,12;10,15;61,44;47,7;29,62;10,356;155,2;36,76;20,475;82,54;11,22;24,24;208,3;68,48;68,08;27,475;55,43;142,35;177;378,5;42,15;35,15;270,4;36,13;126,74;236,2;124,96;8,37;46,32;96,2;99,83;21,7;21,99
01.11.2023;167;127,96;224,25;42,285;40,27;124,65;89;70,82;10,31;62,04;47,55;29,34;10,462;157,85;36,76;20,75;82,22;11,4;24,3;214,6;69,34;68,48;27,655;55,97;143,4;180,3;385,9;42,54;35,74;276,5;36,31;127,82;242,2;125,5;8,254;46,55;96,02;99,79;21,91;22,26
02.11.2023;171,18;129,14;223,6;43,52;41,28;124,9;91,09;71,94;10,385;62,18;47,45;29,75;10,612;158,75;37,78;21,375;86,68;11,405;25,72;211,2;67,84;68,62;28,52;57,52;143,45;181,25;382,9;43,64;35,74;271,5;36,56;130,12;248,5;127,64;8,782;47,39;96,8;102,98;22,74;20,86
03.11.2023;170,48;129,04;221;43,87;42,06;123,3;92,95;71,36;10,335;62,76;47,54;29,88;10,66;158,5;37,735;21,39;90,14;11,37;25,31;206,6;68,22;67,94;29,185;57,9;146,35;183,3;375;44,76;36,68;270,4;36,84;129,28;257;127,8;9,546;47,98;95,44;105,04;24,51;22,5
06.11.2023;172;128,42;221,15;43,16;42,06;122,4;92,83;70,16;10,385;62,4;46,89;29,65;10,626;159,25;37,2;21,35;90,32;11,265;25,38;205;67,34;67,8;29,195;57,53;146,6;181,35;373,4;44,71;36,24;272,4;36,83;128,72;251,7;128,98;9,386;47,57;93,56;105,06;23,18;22,49
07.11.2023;171,88;129,22;218,85;43,475;41,765;122,65;91,31;70,12;10,395;61,8;47,22;28,28;10,524;164,85;37,13;21,23;89,38;11,36;25,18;204,6;67,3;68,06;29,505;56,87;148;180,95;371;44,16;36,61;271,9;36,47;131,76;252,2;128,88;9,324;47,97;94,14;104,2;23,71;22,71
08.11.2023;169,62;130,38;220,75;43,575;41,43;123,4;92,09;70,62;10,47;64,32;47,09;28,37;10,536;165,05;38,195;21,335;89,08;11,27;25,73;206,4;68,96;67,48;29,415;57,45;148,05;182,4;374;44,35;36,32;274,5;35,96;133,18;251,1;129,92;9,106;48,58;95,7;104,4;23,29;21,91
09.11.2023;173,98;127,82;222,3;44,48;41,805;123,45;92,21;71,72;10,525;64,5;47,73;28,45;10,544;166,95;38,985;21,52;88,24;11,39;25,51;201,6;70;69,86;29,7;57,29;153,85;183,4;370,5;44,44;36;272;36,37;134,72;258,9;133;9,68;48,33;97,18;104,88;23,75;22,35
10.11.2023;170,9;128,42;222;43,715;40,155;123,7;91,18;71,7;10,66;63,38;47,18;28,22;10,496;165,85;38,965;21,435;87,42;11,45;25,04;202,1;70,14;70,7;29,305;56,49;149,5;182,05;371,4;43,78;35,24;273,6;36,28;134,86;251,4;130,8;9,39;47,61;96,28;103,66;23,23;21,42
13.11.2023;170,08;130,26;221,4;44,085;40,25;123,3;92,1;73,24;10,975;64,02;47,15;28,24;10,606;166,7;39,25;21,645;87,88;11,31;25,9;205,6;70,74;71,16;29,625;56,6;150,7;184,05;374;44,13;35,94;282,5;36,31;135,42;246,7;132,9;9,956;47,42;96,44;105,06;23,26;21,17
14.11.2023;179,02;131,66;224,5;44,75;40,64;125,4;94,17;75,18;10,84;68,12;48,12;28,59;10,724;166,75;40,205;21,55;91,84;11,43;26,87;204,9;72,8;72,34;30,605;57,99;153,75;183,55;373,2;45,68;36,48;278,7;37,66;136,26;266,5;136,56;10,25;49,52;97,54;107,84;25,18;23,41
15.11.2023;178,92;131,22;224,5;45,045;41,09;124,7;96,05;75,68;11,025;69,78;48,6;29,41;10,92;166,5;40,39;21,41;91,3;11,285;26,86;203,5;71,58;72,42;33,57;58,69;155,15;183,6;370,9;46,7;36,57;280,3;38,02;137,26;273;138,9;11,15;49,39;98,46;109,9;24,73;24,13
16.11.2023;176,56;131,48;226,15;43,93;40,6;124,85;94,05;75,86;11,05;68,58;48,5;28,94;10,886;167,3;40,48;21,465;90,08;11,515;26,76;204,5;70,82;72;33,96;57,95;155,15;183,9;372,8;45,94;36,28;276,8;38,23;136,44;269,1;146,82;10,86;49,43;97,7;108,26;24,78;23,02
17.11.2023;179,64;132,28;228,5;44,285;41,45;124,65;95,2;76,26;11,185;68,86;48;29,19;11,172;168,75;40,515;21,555;90,92;11,555;27,32;208,9;71,28;71,28;33,58;58,6;156,95;186;377,9;46,15;36,11;279,1;38,34;137,22;273,8;148,46;11,68;50,04;97,04;108,84;25,19;23,06
20.11.2023;181,7;133,04;228,8;44,205;34,005;123,45;95,74;76,72;11,265;69;48,36;29,38;11,288;169,3;40,935;21,62;90,84;11,545;27,39;212,2;70,98;69,86;33,91;58,93;161,05;185,85;381,1;46,7;36,25;278,8;38,18;139,92;278,1;147,64;11,92;50;97,04;108,84;25,49;23,56
21.11.2023;185,14;133,84;230,35;43,81;33,985;125,4;93,55;76,66;11,17;68,1;48,14;29,4;11,19;171,35;40,895;21,59;89,72;11,545;27,62;217;72;70,14;33,4;58,16;163,3;187,9;387,2;45,9;37,03;289,1;38,06;139,44;282,4;147,66;10,975;50,38;99,36;106,86;24,68;23,05
22.11.2023;187,36;134,02;231;43,72;32,815;127,65;94,24;77,26;11,02;68,92;47,4;29,4;11,116;172,5;41,115;21,74;88,28;11,6;27,74;217;72,34;70,94;33,465;58,28;159,6;188,05;386,6;45,56;37,65;289;37,96;141,16;285,2;149,66;10,885;51,3;102,1;106,8;24,91;23,07
23.11.2023;185,78;134,6;232,3;43,81;32,95;127,9;94,13;77,56;11,125;68,96;47,65;29,42;11,114;174,35;41,18;21,8;84,5;11,68;27,94;217,3;72,08;70,72;33,5;58,24;160,95;187,35;388,3;45,12;37,49;283,5;38,21;142,5;286;149,64;10,84;51,36;102,1;106,58;24,97;22,77
24.11.2023;184,44;134,72;232,7;44,58;32,645;128,4;94,05;77,98;11,1;70,36;48,71;29,68;11,102;173;41,625;21,9;86,1;11,79;27,94;217;72,4;71;33,715;58,56;160,75;188,1;389,7;44,96;37,35;283,4;38,29;141,08;285,6;150,86;10,84;51,48;102,2;107;25,12;22,82
27.11.2023;185,24;133,6;230,5;43,195;31,66;128,95;93,43;77,12;11,035;69,88;48,62;29,43;11,052;173,4;41,795;21,955;84,44;11,89;28,2;219,2;72,54;70,9;33,6;58,36;159,85;185,4;390,1;44,67;37,25;274;38,39;141,6;286;150,24;10,805;51,2;102,4;106,12;25,38;22,57
28.11.2023;186,66;134,52;230,55;42,705;30,555;129,45;93,16;76,66;11,19;70,02;48,9;29,43;11,09;172,95;42,21;21,875;84,2;11,985;28,5;218,4;73,32;70,8;34,275;57,96;157,8;187,05;390,1;44,38;37,18;274,1;39,56;142,54;284,6;151,42;10,525;51,36;101,75;105,08;25,34;21,35
29.11.2023;192,72;135,6;231;42,975;30,67;129,15;96,07;77,26;11,305;71,6;48,6;29,83;11,272;174,05;42,91;21,935;84,88;11,975;28,57;217,5;74,1;71,38;35,7;59,29;160,4;187,85;387,5;45,21;37,66;275,2;39,26;144,54;294,5;152,88;10,765;52,42;101,4;106,88;25,95;22,08
30.11.2023;192,14;136,22;230,6;42,685;31,36;128,7;95,59;79,28;11,245;71,02;48,2;29,83;11,426;174,3;43,04;21,975;84,06;11,935;29,09;219;74,8;72,2;35,55;59,58;160,15;187,75;390,8;44,86;37,68;276;39,37;145,48;295,5;154;10,88;52,94;103,2;106,42;25,52;21,86
01.12.2023;194,24;138,1;235,25;43,24;31,11;129,75;96,19;78,72;11,35;71,44;51;30,12;11,52;176,3;43,995;22,245;83,9;12,03;29,09;219;75,54;72,98;36,135;60,14;158,9;192,5;392;45,16;38;281,7;39,75;146,7;288,1;156;11,335;53,16;104,45;107,02;26,55;22,33
04.12.2023;194,64;137,08;235,1;43,41;30,825;130,3;96,16;77,88;11,38;71,04;50,32;30,3;11,53;176,8;43,845;22,35;83,36;12,05;29,29;220,7;75,22;73;36,005;60,52;161,95;187,85;392;45,34;38,33;283,4;39,65;146,32;288;156,98;11,3;52,4;105,05;107,8;26,75;22,25
05.12.2023;195,28;136,64;238,75;43,6;31,705;131,1;97,66;78,36;11,39;71,72;50,14;31,34;11,57;179,5;44,565;22,59;83,7;12,165;28,72;221,1;75,68;72,5;35,905;61,45;161,95;186,95;393,5;45,88;38,17;283,5;40,16;147,14;282,8;158,74;11,635;52,5;105;108,56;27,1;22,48
06.12.2023;197;138,34;240,95;44,44;32,39;131,75;99,35;79,42;11,475;73,28;51,24;32,06;11,67;179,4;44,865;22,635;84,3;12,325;28,8;218,3;76,02;72,8;36,805;62,37;140,75;189,45;392;47,3;38,43;282,5;40,45;147,14;291,8;160,92;11,85;52,6;106;114,38;27,19;22,42
07.12.2023;191,1;138,4;242,15;45,095;31,83;131,85;98,6;79,06;11;73,2;51,28;31,97;11,566;178,3;45,3;22,6;82,36;12,4;28,52;219,4;77,36;72,94;36,43;62,34;144,45;189,85;391,3;46,89;38,79;278;40,51;147,1;295,1;161,5;11,62;52,2;104,9;113,54;26,87;21,67
08.12.2023;193,36;141,84;243,8;45,19;31,895;132,5;100,92;79,18;11,02;73,6;51,14;32,25;11,824;180,5;45,895;22,615;83,56;12,485;28,53;218,6;78,2;72,74;37,16;62,87;142;190;391,3;47,15;38,6;284,7;40,45;148,18;305,8;162,42;11,365;52,74;105,35;114,86;26,52;22,28
11.12.2023;194;142,32;245,4;45,43;31,49;133,2;101,3;79,86;11,05;72,94;50,68;32,43;11,902;181,2;46,045;22,785;82,14;12,42;28,25;220,4;78,64;73,12;36,905;63,05;141,15;185,95;393;47,21;39,15;283,9;40,68;147,34;314,7;164,3;11,085;52,28;105,55;115,66;26,55;21,73
12.12.2023;193,46;142,7;245,5;45,585;31,34;135,05;100,94;79,74;10,835;72,08;50,18;32,64;11,93;181,4;46,25;22,78;81,84;12,45;28,32;225,1;79,92;73,42;37,145;62,72;137,6;184,2;396,7;46,83;38,88;286,8;40,65;147,32;318,4;163,86;10,62;52,52;105,5;115,04;26,38;20,7
13.12.2023;194;142,28;244,95;47,605;31,06;135,85;99,69;80,18;10,855;72,54;51,04;32,48;11,834;179,85;46,095;22,555;81,26;12,56;28,26;228,9;79,96;73,54;37,04;61,74;135,45;187,55;399,4;46,49;38,97;289,8;40,97;146,5;317,4;162,88;10,28;53,1;106,3;114,28;26,44;20,32
14.12.2023;197,4;140,06;239;48,14;31,895;132,95;102,54;81,24;10,55;75,7;52,14;33,74;11,97;176,65;45,6;21,74;81;12,635;28,58;215,8;81,26;73,24;38,38;63,5;139,95;184,7;376,6;48,39;39,47;285,8;41,74;142,54;340,6;165,82;11,245;53,18;106,1;115,74;28,51;22,22
15.12.2023;192,52;139,58;240,2;48,175;32,105;133,05;103,06;81,04;10,435;76,14;52,26;34,16;12,1;177,7;46,17;21,59;81;12,52;28,09;214,3;81,78;72,52;38,915;64,37;139,85;189,35;376,1;48,27;39,03;285,6;41,43;141,48;342,1;166,78;11,375;53,3;98,02;115,96;28,21;22,9
18.12.2023;192,24;139,18;240,7;48,27;32,11;134,2;101,02;81,3;10,475;76;53;34,18;11,988;180,7;45,745;21,535;80,82;12,235;27,74;215;80,5;72,8;37,95;63,54;140,6;189,15;377,8;48,24;38,79;283,3;40,66;141,2;335,9;163,4;11,005;53,06;99,44;114,8;27,73;22,4
19.12.2023;193,4;139,9;242,5;48,565;32,195;134,25;100,88;82,12;10,545;76,02;53,74;34;12,042;181,25;45,755;21,48;80,44;12,27;27,79;215,6;81,38;72,52;38,065;63,21;142,55;191,15;379,8;47,62;38,93;285;40,62;141,26;349,3;167,98;11,09;53,74;99,3;114,16;28,01;23,15
20.12.2023;195,94;137,92;242,25;48,45;32,555;134,75;100,42;81,88;10,525;76,74;53,6;34,23;12,296;183,1;44,87;21,67;80,38;12,295;28,49;216,5;81,36;72,5;37,765;63,14;140,6;193,3;381;47,31;39,06;284,4;40,46;139,2;346,3;169,14;11,41;53,44;99,14;113,72;28,24;23,12
21.12.2023;194,42;138,8;241,65;48,47;32,615;134,35;99,55;82,42;10,665;76,6;53,2;34;12,284;183,1;44,95;21,655;80,3;12,25;28,57;216,1;81,1;72,42;37,865;62,71;140,55;194,15;379,2;46,68;39;286,2;40,58;137,58;338;168,48;11,415;53,14;98,14;112,46;28,14;22,9
22.12.2023;184,14;139,54;242,6;48,54;32,705;134,9;100,64;82,64;10,765;76,26;53,1;34;12,38;184,05;45,195;21,78;80,08;12,3;28,61;217,1;81,38;72,68;37,62;62,85;141,3;193;382;46,76;39,33;284,7;40,86;138,24;335,5;168,08;11,3;53,14;98,62;112,56;28,37;21,21
25.12.2023;184,14;139,54;242,6;48,54;32,705;134,9;100,64;82,64;10,765;76,26;53,1;34;12,38;184,05;45,195;21,78;80,08;12,3;28,61;217,1;81,38;72,68;37,62;62,85;141,3;193;382;46,76;39,33;284,7;40,86;138,24;335,5;168,08;11,3;53,14;98,62;112,56;28,37;21,21
26.12.2023;184,14;139,54;242,6;48,54;32,705;134,9;100,64;82,64;10,765;76,26;53,1;34;12,38;184,05;45,195;21,78;80,08;12,3;28,61;217,1;81,38;72,68;37,62;62,85;141,3;193;382;46,76;39,33;284,7;40,86;138,24;335,5;168,08;11,3;53,14;98,62;112,56;28,37;21,21
27.12.2023;185,56;139,38;241,7;48,65;33,465;134,6;100,4;82,9;10,78;76,24;53;34,04;12,4;185,25;44,93;21,65;80,1;12,18;28,37;216,1;81,12;72,68;37,99;62,67;142,8;194,15;378,5;46,82;39,22;286,9;41,04;139,84;335,1;168,82;11,915;53,1;99;112,8;28,82;21,07
28.12.2023;184,1;139,8;240,65;48,58;33,49;135;100,44;83,04;10,69;76,7;52,84;34,01;12,31;184,7;44,7;21,615;79,9;12,135;28,36;215,2;80,86;72,52;37,665;62,26;142,55;194,05;376,8;46,41;39,28;287,7;41,05;139,64;334,9;168,48;11,8;53,18;98,88;112,16;28,85;21,06
29.12.2023;184,16;140,08;241,95;48,78;33,63;135,7;100,78;83,22;10,76;76,92;52,68;34,02;12,364;186,5;44,855;21,75;79,9;12,15;28,07;216,3;80,94;72,86;37,8;62,55;144,1;195,25;375,1;46,32;39,43;287;41,18;139,48;333,2;169,92;12;52,6;99,64;111,8;28,54;21,45
01.01.2024;184,16;140,08;241,95;48,78;33,63;135,7;100,78;83,22;10,76;76,92;52,68;34,02;12,364;186,5;44,855;21,75;79,9;12,15;28,07;216,3;80,94;72,86;37,8;62,55;144,1;195,25;375,1;46,32;39,43;287;41,18;139,48;333,2;169,92;12;52,6;99,64;111,8;28,54;21,45
02.01.2024;182,22;141,34;244,95;49,07;34,325;135;101,78;82,98;10,935;77,5;52,36;34,22;12,482;184,9;44,905;21,965;80,1;12,19;29,02;216,6;80,58;73,28;37,06;63,33;142,65;195,05;377,8;46,82;39,77;299,2;41,1;137,34;345,3;167,88;11,885;52,5;98,22;112,88;28,05;20,96
03.01.2024;179,16;137,16;242,55;47,76;34,405;135,3;99,51;82;11,02;74,88;52,18;33,56;12,25;182,45;44,35;22,285;78,32;12,2;28,53;219,4;78,92;73,52;35,645;62,2;142,4;193,8;381;46;39,4;297;40,42;137,12;331,2;162,32;11,125;51,36;98,02;110,86;27,45;20,21
04.01.2024;173,76;139,36;245,5;47,695;35,235;135,05;101;82,4;11,46;74,42;52,78;33,32;12,52;185,1;44,175;22,465;77,72;12,425;29,06;222,4;80,44;73,52;34,915;62,32;143,25;196,8;384;46,09;39,62;305,1;40,78;136,44;320,8;162,42;11,4;51,78;97,56;112,32;27,43;19,375
05.01.2024;173,48;139,66;243,9;46,8;35,22;134;100,66;81,66;11,735;74,44;52,58;33,25;12,568;186,35;44,39;22,435;76,7;12,48;28,99;222,7;81,18;72,96;35,135;62,55;142,4;196,3;384,6;45,97;40,14;305,1;40,74;137,08;316,1;160,5;11,525;51,58;97,2;113,26;27,1;19,06
08.01.2024;176,74;143,24;244,55;46,755;35,24;135,65;101,2;82,44;11,825;75,7;51,84;33,16;12,712;186,95;44,59;22,54;76,98;12,545;28,56;225,1;82,48;73,1;35,83;63,56;141,1;198,25;383;46,51;41,19;307,4;40,48;138,78;315,3;160,78;12,13;52,44;97,84;114;27,25;19,345
09.01.2024;178,1;143,14;243,55;45,51;35,595;136,95;100,82;82,44;11,74;74,84;51,3;32,74;12,7;185,9;44,745;22,51;77,5;12,785;28,38;223;83,34;73,76;35,2;63,8;143,15;200,8;376,8;46,57;41,72;305,1;41,17;139,28;323,7;159,4;12,015;52,94;99,36;113,34;27,2;19,19
10.01.2024;179,38;144,12;242,2;45,02;34,76;138,05;99,9;82,04;11,495;74,22;50,38;32,84;12,75;186,4;44,755;22,455;77,32;12,61;28,52;222,9;85,26;73,66;34,785;62,96;143,05;202,4;379,6;46,33;40,81;306;40,77;142,04;315,3;160,78;12,255;52,62;97,66;113,38;27,53;18,87
11.01.2024;177,64;143,9;239,65;44,83;33,79;138,1;98,46;81,06;11,345;73,38;49,79;32,12;12,2;184,6;44,67;22,36;77,34;12,505;27,94;219,9;84,52;73,92;34,27;62,22;142,05;202,4;374,3;46,15;40,56;308,2;39,55;141,88;315;160,66;12,01;52,3;97,18;113,24;27,02;18,4
12.01.2024;177,54;149,12;241,7;44,78;34,25;138,15;96,85;82,1;11,35;72,8;49,22;32,3;12,05;187,35;45,18;22,505;75,5;12,67;27,88;223,1;84,94;74,46;34,265;61,36;145,2;204,3;381,5;44,97;41,04;315,8;39,21;144,86;315,4;163,12;12,445;53,36;97,52;111,98;27,74;18,245
15.01.2024;175,68;148,1;241,8;44,525;33,55;134,25;95,52;81,98;11,44;73,64;48,94;31,9;11,938;187,9;44,74;22,67;73,54;12,665;26,95;224,3;84,44;73,9;33,805;61,42;144,3;205,9;385;45,22;40,7;315,6;38,56;144,56;308,6;161,92;12,125;52,68;97,42;111,48;27,59;17,74
16.01.2024;172;147,68;242,65;44,255;33,53;134,4;95,76;81,38;10,88;72,52;48,26;31,48;11,876;188,25;44,505;22,78;73,72;12,57;26,49;223,1;84,16;73,88;33,615;61,28;146,6;205,3;382,8;44,46;41,71;320,4;38,36;144,58;303,3;161,16;11,735;52,92;97,22;111,28;27,28;17,19
17.01.2024;165,52;147,02;244,85;43,16;33,205;134,25;92,78;80,1;11,005;71,68;48;31,26;11,828;188,45;43,65;22,735;74,54;12,535;26,25;225,1;83,74;72,36;32,535;59,32;146,95;205,9;392,8;44,07;41,35;325,8;37,14;144,82;294,2;158,94;11,33;52,58;96;108,68;26,4;16,315
18.01.2024;164,96;149,96;245,35;43,66;32,52;134,8;93,06;81;11,26;71,88;47,94;31,27;11,91;188,5;44,13;22,89;74,56;12,325;26,16;225,8;83,82;72,82;34,1;59,84;146,7;210,8;393,5;44,23;41,03;334,2;36,92;147,26;297,3;160,82;11,72;52,8;95,44;108,12;26,81;16,515
19.01.2024;164,68;148,84;247,15;43,05;32,39;135;92,3;80,22;11,065;70,88;47,29;30,88;11,812;189,55;43,725;23,08;73,78;12,475;26,28;224,9;83;72,4;34,19;59,11;146,2;208,7;393,5;43,44;41,34;330,3;37,49;148,88;296,1;160,94;11,83;51,98;94,5;106,88;26,96;16,35
22.01.2024;166,64;150,06;249,85;42,815;32,855;135,2;93,31;81,12;10,69;71,26;47,66;31,3;11,94;189,2;44,345;23,3;72,6;12,46;26,43;228,6;84,32;71,76;34,655;59,29;147,95;209,6;398,4;43,75;41,49;333,8;36,72;150,34;297,7;163,4;11,965;51,38;94,4;107,94;27,07;16,985
23.01.2024;167,28;148,06;245,4;43,62;32,52;134,6;93,56;79,42;10,605;72,16;47,5;31,56;11,988;187,3;44,35;23,245;74,42;12,355;26,08;225;81,9;71,64;34,82;60,22;148,8;218,4;393;45,03;40,83;325,1;36,67;149,36;297,3;162,04;12,415;51,06;92,44;113,78;26,59;17,9
24.01.2024;166,14;146,74;248,5;43,78;32,625;132,4;93,55;79,76;10,79;72,88;47,82;32,35;12,164;186,75;44,975;23,26;75,34;12,425;26,57;227,1;82,98;71,44;34,905;60,73;146,85;217,7;396,4;45,61;40,55;331,7;36,72;160,76;300;167,5;13,565;51,2;92,7;116;27,52;18,205
25.01.2024;175,68;148,54;246,85;44,955;32,625;133,15;93,69;79,2;10,545;73,1;47,84;32,78;12,08;185,35;45,275;23,245;73,98;12,42;26,6;223,2;83,66;71,5;34,645;59,75;147,1;218,9;396;45,24;40,61;327,8;36,63;160,76;301,9;167,2;13,48;51,38;95,26;114,84;27,48;18,48
26.01.2024;177,86;149,22;248,1;45,655;32,315;134,15;94,77;80,32;10,715;74,4;49,22;33,08;12,08;183,8;45,355;23,05;76,48;12,405;26,95;222,6;83,32;71,9;34,345;61,26;155,9;217,5;396,3;45,76;41,04;317;34,42;160;331,8;167,86;13,725;51,98;96,96;115,34;27,64;19
29.01.2024;178;149,06;246,55;45,06;30,745;135,6;94,91;81,06;10,575;76,98;49,02;33,08;11,976;184,05;44,82;23,01;76,74;12,44;27,12;224,3;85,34;71,88;33,52;61,88;153,7;221,2;395,5;45,54;40,6;326,6;34,28;162;326;167,34;13,755;52,26;96,6;115,96;28,2;19,655
30.01.2024;179,62;149,92;247,6;44,47;30,08;136;95;81,74;10,705;75,82;49,21;33,04;12,1;184,9;44,445;22,875;77,72;12,42;26,64;221,7;87,46;71,58;34,22;62,26;151,55;216;393,6;45,83;40,16;324,9;34,3;162,42;335,3;169,32;13,93;52,32;95,88;116,64;28,38;19,19
31.01.2024;176,12;147,8;247,8;44,46;28,9;135,85;96,78;82,26;10,68;76,2;49,08;33,26;12,034;184,75;44,52;22,745;79,12;12,56;26,12;222,2;85,88;71,1;33,745;62,85;152,4;213,7;394,2;46,5;40,4;324,8;34,33;160,8;340,9;166,68;13,965;51,86;95,94;119,84;29,05;18,68
01.02.2024;172,46;147,38;245,25;44,135;28,275;136,25;97,03;81,14;10,565;75,62;47,75;33,42;12,39;185,85;44,39;22,73;78,7;12,555;25,93;220,6;85,24;70,74;33,385;63,08;149,75;211,3;391,8;46,09;40,13;328,5;33,78;162,3;338,8;166,56;13,89;54,16;96,74;118,18;28,5;18,335
02.02.2024;175,02;149,24;245,9;44,68;28,69;135,1;97,98;81,26;10,69;75,96;47;33,71;12,826;185,05;44,34;22,68;82;12,2;25,45;221,4;85,9;70,22;33,605;64,34;147,3;213,4;390,9;46,91;39,88;328,2;33,6;163,64;331,3;166,66;13,88;52,52;95,22;119,8;27,93;18,65
05.02.2024;175,72;148,96;245,4;44,605;28,59;140,45;96,57;80,64;10,71;74,06;47,32;33,59;12,474;186,05;43,975;22,6;82,54;12,215;25,52;226,2;85,62;71,64;34,655;63,18;148,65;213;394,7;46,2;39,54;327,5;33,93;164,52;333,6;164,62;13,795;52,4;96,74;119,08;27,6;18,385
06.02.2024;176,2;151,72;248,1;45,35;29,205;141,7;97,56;80,52;10,74;74,7;48,25;34,06;12,288;186,65;44,405;22,665;81,22;12,17;25,77;226,7;86,4;71,34;33,6;63,96;150,05;216,5;397,5;45,97;41,5;333,5;33,03;166,4;339,5;167,38;14,24;53,46;97,14;118,04;27,37;18,675
07.02.2024;175,42;150,8;245,25;44,59;28,7;140,95;99,14;80,68;10,38;73,84;47,78;34,03;11,602;186,3;42,09;22,355;81,14;12,11;25,49;230,6;86,72;71,28;31,88;63,98;149,7;217,5;401;45,68;40,55;333,8;32,72;168;347,7;168,16;14,37;53,94;97,32;117,72;26,94;18,725
08.02.2024;172,4;151,38;243,85;44,705;27,745;140,1;101,96;80,82;10,28;76,08;47,95;34,2;11,614;188,05;42,725;22,175;81,66;12,025;25,35;229,3;84,82;71,24;33,15;65,04;150,85;218,3;400,8;45,91;40,55;332,1;32,95;168;342,5;169,78;13,91;54,32;96,7;118,74;26,7;19,02
09.02.2024;171,74;150,5;243;44,02;27,785;138,1;102;78,94;10,395;75,42;48,2;34,33;11,6;186,8;42,36;22,165;80,24;11,96;25,14;227;83,64;70,78;33,64;64,92;152,25;218;400,7;45,99;40,6;336,6;32,46;168,32;343,9;165,52;13,72;54,16;95,42;118,58;26,17;18,975
12.02.2024;174,24;149,98;246,25;44,82;28,325;138,55;102,14;79,72;10,58;75,68;49,2;34,68;11,874;187,6;42,235;22,26;81;12,005;25,74;230;83,8;71,04;34,265;65,65;152,2;217,9;406,3;46,45;40,75;348,9;32,51;167,76;335;165,14;14,505;53,98;96,18;119,76;26,58;19,62
13.02.2024;170,6;148,96;245,7;45,06;27,91;138;100,88;78,48;10,505;76,44;48,7;34,5;11,876;187;41,88;22,215;80,64;11,875;25,47;232,6;83,26;70,64;32,565;65,44;151,35;217,1;410,6;46,18;40,11;365;32,19;162,76;329,9;163,68;14,195;53,98;96,82;118,62;25,82;19,27
14.02.2024;174,86;150,32;244,6;45,57;28,07;137,25;101,16;79,3;10,48;76,14;48,75;34,58;11,93;187,05;42,15;22,1;79,72;11,77;26,08;231,3;82,36;70,2;32,995;65,53;154;220,3;409,9;45,98;39,8;364,4;31,84;164,88;329,4;165,04;14,08;53,72;97,34;117,78;25,77;19,555
15.02.2024;174,12;148,82;246;46,085;28,055;137,15;102,62;79,56;11,06;76,68;48,78;35,21;12,012;185,8;42,535;22,14;79,2;11,855;26,34;230,8;82,68;70,18;33,34;66,85;155,45;222,1;413,4;46,77;39,58;377,2;32,08;164,38;331,6;167;13,835;54,24;97,98;119,18;26,52;20,02
16.02.2024;176,24;146,26;247,1;46,59;28,61;137,25;104,1;80,32;10,82;77,06;48,17;35,55;11,982;187,65;42,72;22,185;80,62;11,755;26,44;228,8;85,32;70,34;33,46;67,38;155,7;227;408,7;47,47;39,96;388,2;31,8;165,08;337,7;169,22;13,895;55,08;97,96;119,66;26,66;19,82
19.02.2024;179,72;144,28;248,65;45,775;28,9;136,45;102,82;80,8;10,73;74,02;46,98;35,16;11,996;187,1;42,995;22,27;79,64;11,84;26,67;227,8;85,8;70,58;33,14;67,63;155,75;225,1;407,4;46,06;39,59;404,1;31,21;164,24;331,6;169,58;14;55,4;98,32;119,98;26,74;19,585
20.02.2024;181,12;144,96;249,4;46,045;28,765;139,05;101,82;81,56;10,605;72,94;47,85;35,51;11,954;188,85;42,98;22,265;79,08;12,035;26,04;231,6;87,68;71,46;32,56;66,78;153,4;223,5;412,8;45,14;39,45;401,9;31,17;163,06;334,9;168,72;13,43;54,92;98,42;118,08;26,58;19,65
21.02.2024;181,44;145,84;250,7;46,405;28,93;139,55;104,3;81,5;10,57;73,9;47,57;36,22;11,994;186,45;43,1;22,21;80,86;11,98;26,2;231,3;88,64;71,26;32,895;68,07;153,6;223,1;413,1;45,6;39,35;400;31,18;162,28;331,9;169,42;13,88;53,3;97,02;119,58;26,4;19,5
22.02.2024;187,82;147,46;255,1;46,845;28,91;140,6;105,08;83,02;10,7;74,08;49,83;36,22;12,252;188;43,505;22,345;81,16;11,805;25,77;234,2;85,72;71,04;33,61;71,27;157,1;216,1;419,3;48,02;39,91;401,7;31,11;167,22;341,2;172,1;13,9;54,42;97,1;122,4;26,5;19,23
23.02.2024;188,78;148;246,5;46,6;28,815;140,75;106,72;84;10,72;74,36;50;36,67;12,39;191,3;43,455;22,13;82,66;11,8;25,67;236,2;84,78;70,28;33,1;71,68;159;215,5;423,4;48,83;40,13;410,3;30,97;169,8;341,1;175,3;13,73;54,62;97,08;124;26,44;19,38
26.02.2024;188,2;147,4;245,65;46,33;28,585;140,95;107,48;83,06;10,745;73,48;50,08;36,91;12,302;192,55;42,92;22,05;82,5;11,74;25,95;235,9;86,12;70,04;33,225;71,36;156,25;215,3;421,5;48,92;40,1;421,8;30,36;173;337,2;174,9;13,89;55,54;97,9;123,02;26,03;19,12
27.02.2024;188,16;148,02;248;47,455;29,135;139,1;107,68;83,5;10,865;75,1;49,96;37,27;12,384;192,75;42,835;22,115;84,14;11,7;26,08;233;86,82;69,82;34,565;72,16;157,85;214,3;421,6;49,41;40,01;414,8;31,01;174,8;341,8;176,62;14,05;55,64;96,32;124,08;26,24;19,355
28.02.2024;189,84;153,76;248,55;46,97;28,56;137,7;109,16;83,76;10,865;74,72;49,43;37,46;12,396;192,55;43,19;21,99;85,12;11,735;25,99;234,7;88,44;68,92;33,17;73,4;158,85;218,9;424,8;49,46;39,8;421,4;30,79;172,12;345,4;179,86;13,93;54,88;94,7;125,88;25,61;19,44
29.02.2024;187,12;153,02;253,85;47,075;28,09;132,55;109,22;84,38;10,695;74,08;50,3;37,78;12,362;193,6;42,91;21,985;86,34;11,81;25,88;237,3;89,7;69,56;33,095;73,64;157,8;222,3;430,4;49,38;39,63;424;31;172,88;349,8;182,94;14,205;55,5;94,56;125,34;25,8;19,52
01.03.2024;187;152,64;251,8;47,985;28,33;132,7;109,8;85,86;10,86;73,78;50,42;44,62;12,566;192,85;42,545;21,985;86,46;11,86;25,8;236,9;89,88;70,4;33,985;74,09;158,1;219,2;424,8;49,09;39,88;429,1;30,66;173,34;351,7;181,28;14,35;55,72;96,14;119,16;26,73;19,8
04.03.2024;184,5;155,32;252;47,1;28,08;133,05;109,94;85;10,695;73,26;49,36;42,83;12,596;192,5;42,405;22,025;83,76;11,75;24,71;236,9;89,26;69,02;33,58;73,74;158,15;225,1;429,7;48,45;40,38;430;30,6;175,22;347,2;181,08;14,05;56,18;96,04;120,68;26,18;19,14
05.03.2024;185,1;157,72;254,45;47,25;25,955;131,65;109,36;84,88;10,89;72,64;48,77;43,15;12,632;192,6;41,69;22,255;83,7;11,975;25,64;239,4;88;69,62;33,16;73,76;159,05;227,8;430,8;48,24;40,84;434,5;31,51;173,48;348,3;178,54;13,775;56,58;96,54;119,16;26,32;18,925
06.03.2024;185,96;158,3;254,6;48,53;26,645;131,85;107,7;85,42;10,705;72,82;48,33;42,99;12,562;190,9;39,07;22,24;83,58;11,925;25,03;239,4;87,78;70,34;33,83;72,85;158,3;227,1;430,7;47,64;40,82;432,3;31,74;175,28;354,8;180;13,94;56,78;102,9;116,78;25,74;19,53
07.03.2024;188,4;158,34;256,3;49,06;26,405;132,9;106,96;80,5;11,055;71,94;48,21;43,21;12,712;192,4;39,355;22,075;82,92;12,03;25,66;242,3;89,66;71,86;34,87;72,4;156,6;230,2;436,2;47,05;40,71;436,5;32,23;177,78;367,8;181,54;14,265;57,5;105,5;116,54;26,53;19,4
08.03.2024;189,14;158;258,8;48,805;26,275;135,05;107,14;80,3;11,135;70,14;49,11;43,61;12,804;189,45;38,445;21,915;82,12;11,99;25,72;239,5;90,08;72,52;34,295;72,55;157,05;228,4;439,4;46,52;40,79;421,8;31,84;176,94;366,1;181,92;14,17;57,7;107,85;116,5;26,89;19,045
11.03.2024;188,86;156,84;260,25;49,06;26,82;135,9;106,88;78,08;11,215;66,96;48,15;43,89;13,01;189,6;38,73;21,81;80,56;11,975;25,47;239,9;89,2;73,64;33,73;72,4;156,75;225,8;438,5;46,83;41,26;415,5;31,52;173,52;358,6;180,62;14,25;57,18;107,3;117,22;27,64;18,565
12.03.2024;192,74;158,1;263,85;49,5;26,49;135,75;109,78;79,28;11,5;67,58;49,22;45,01;13,616;190,6;38,945;21,7;89,8;11,805;25,5;241,8;91,74;75,2;34,88;73,32;161,25;220,2;440;48,82;41,05;418,3;31,48;177;360,4;182,74;14,19;57,16;106,45;120,88;27,3;19,15
13.03.2024;200,15;159,22;265,45;49,59;26,36;136,65;108,5;78,84;11,615;67,7;48,66;44,84;13,584;185,1;38,85;21,64;85,92;12,515;25,47;240;92,78;75,64;34,89;72,49;160,05;223,7;440,5;47,54;40,64;421,3;31,74;175,52;360;183,9;13,925;56,08;106,25;113,76;27,21;22,77
14.03.2024;206,5;160,4;264,6;48,805;26,025;135,2;105,2;78,98;11,74;66,76;47,98;45,8;13,54;186,65;38,575;21,58;87,56;12,85;25,18;240,5;92,58;74,54;33,955;72,54;159,8;223,4;442,2;46,97;40,14;443,6;30,62;174,9;364,8;184;14,41;56,64;106,95;112,94;26,82;22,11
15.03.2024;205;162,74;266,65;49,31;26,235;134,05;105,68;78,44;11,925;66,62;47,91;46,68;13,628;185,25;39,14;21,81;88,36;12,7;25;244,6;93,04;74,56;31,91;73,1;156,85;224,6;445,8;47,27;40,1;456,9;31,01;171,92;362,2;184,96;14,42;55,86;107,85;113,78;23,99;22,21
18.03.2024;200,1;163,32;266,2;49,005;26,215;133,5;105,98;78,22;11,88;67,14;48,4;46,86;13,506;185,05;38,535;21,685;91,84;12,58;25,16;244,4;92,38;73,74;32;73,36;156,4;224,3;445,8;48,34;40,62;477,1;30,94;172,22;356,1;183,62;14,83;55,5;108,85;115,42;24,74;22,56
19.03.2024;200,85;166,28;271,05;50,6;25,87;133,5;107,12;78,84;12,295;68,7;48,94;47,64;13,736;185,6;38,82;21,905;93,18;12,39;25,3;255,7;93,6;73,04;31,315;74,15;157,2;227,8;453,6;48,46;40,71;487,8;30,45;173,24;364,5;173,04;14,865;56;108,6;117,28;25,17;23,07
20.03.2024;199,94;168,08;271;51,88;26,215;133,1;106,36;79,22;12,31;67,82;49,99;46,91;13,638;185,1;38,82;21,88;93,5;12,515;24,91;253,7;93,78;71,46;31;73,8;156,35;228,9;448;48,78;40,24;477,6;31,04;173,54;363,3;175,76;14,855;54,98;110;117,54;25,3;23,34
21.03.2024;199,2;169,3;272,9;52,65;26,48;132,75;104,8;79,8;12,455;66,62;49,91;46,67;13,988;186;38,925;21,93;93,42;12,33;24,64;249,9;98,08;71,26;31,89;73,34;161,6;224,8;443,8;48,55;40,41;491,8;30,92;180,56;372,4;174,84;15,855;55,26;110,2;117,78;26,14;24,07
22.03.2024;200,25;169,88;271,85;52,72;26,745;133;104,12;79;12,47;66,32;50,58;46,54;14,178;185,6;39,75;21,855;93,52;12,455;24,75;247,1;99,12;72,08;31,215;73,5;161,8;230;436,5;49;39,99;500,4;31,15;180,28;381,7;175,4;16,525;55,36;110,7;118,08;26,7;24,66
25.03.2024;203,95;170,14;275,2;52,93;26,84;133,2;106,24;78;12,585;66,42;50,66;46,89;14,146;186,15;39,84;22,045;91,88;12,575;24,54;247,5;100,15;73,7;30,88;73,72;159,6;231,9;436,6;48,68;39,88;507,2;31,17;180,74;370,4;174,06;16,56;55,26;112,05;119,38;26,96;25,12
26.03.2024;204,3;170,78;277;52,63;27,315;134,25;106,56;78,3;12,64;66,66;49,91;47,06;14,23;187,95;40,2;22,22;92,88;12,76;24,68;250,4;101,45;74,26;31,355;73,45;159,1;233,2;443,8;49,17;39,08;521;30,99;182,6;370,5;175,3;16,37;55,3;110,2;121,26;27,52;25,33
27.03.2024;204,7;171,58;277,45;53,25;28,42;135,65;106,16;78,92;12,735;67,22;50,24;46,6;14,612;188,25;40,49;22,405;93,58;12,85;24,95;253,4;101,2;74,68;31,475;73,52;160,2;233,1;450,3;49,04;39,34;511,6;31,49;182,04;364;176,92;16,465;56,38;109,65;121,76;27,25;26,46
28.03.2024;207;170,76;277,8;52,93;28,43;134,95;106,96;78,08;12,73;66,9;50,68;46,96;14,582;189,65;39,915;22,5;92,28;12,885;25;253,7;101,95;74,5;31,515;73,81;163,6;235,2;452,3;49,12;39,63;521;31,46;180,46;368,6;176,96;17,005;56,72;110,95;122,84;27,4;26,49
29.03.2024;207;170,76;277,8;52,93;28,43;134,95;106,96;78,08;12,73;66,9;50,68;46,96;14,582;189,65;39,915;22,5;92,28;12,885;25;253,7;101,95;74,5;31,515;73,81;163,6;235,2;452,3;49,12;39,63;521;31,46;180,46;368,6;176,96;17,005;56,72;110,95;122,84;27,4;26,49
01.04.2024;207;170,76;277,8;52,93;28,43;134,95;106,96;78,08;12,73;66,9;50,68;46,96;14,582;189,65;39,915;22,5;92,28;12,885;25;253,7;101,95;74,5;31,515;73,81;163,6;235,2;452,3;49,12;39,63;521;31,46;180,46;368,6;176,96;17,005;56,72;110,95;122,84;27,4;26,49
02.04.2024;202,4;167,16;273,9;53,82;27,995;132,4;106,65;77,38;12,7;66,32;50,46;46,67;14,568;186,7;39,19;22,33;92,16;12,76;24,61;251,2;99,38;75,7;30,77;73,47;157,7;234,5;451;48,97;39,28;527,6;30,93;177,06;356,3;175,6;17,4;56;109,8;122,7;26,4;25,66
03.04.2024;201,4;168,1;274,4;54,51;28,765;129,85;111,85;77,02;13,285;65,14;51,34;45,66;14,872;185,85;39,62;22,28;93,9;12,67;24,63;246,9;99,46;74,46;31,51;73,91;157,6;233;445,1;50,58;38,72;533,6;30,53;178,22;351,9;176,54;17,55;55,66;110,6;125,45;26,07;25,66
04.04.2024;203,1;167,96;272,4;54,92;28,56;130,9;114,7;77,22;13,41;65,58;51,9;46,53;14,972;186;39,89;22,28;94,84;12,615;25,2;242,8;99,3;73,76;31,88;75,27;155,5;231,9;437,4;51,26;38,21;537;31,16;178,02;350;176,14;18,225;55,64;108,8;128,5;25,92;25,7
05.04.2024;201,6;168;268,8;53,83;27,435;130,35;112,5;76,48;13,295;65,08;51,22;46,61;14,762;187,05;39,03;22;93,1;12,385;25,12;239,7;98,32;72,7;31,6;74,71;151,9;230,5;424,4;50,74;37,81;536,8;30,75;177,42;341,2;172,36;17,73;55,72;107,55;126,4;25,24;24,23
08.04.2024;204,6;170,52;268,5;53,88;27,325;129,65;114,75;75,66;13,44;66,16;52,44;47,19;14,894;187,75;39,42;22,06;93,9;12,43;25,63;238;99,3;72,64;32,33;76,61;152,6;225,5;426,5;51,4;38,05;560,6;30,96;177,22;348,6;174,26;18,315;55,52;107;126,1;25,58;26,02
09.04.2024;201;164,6;264;53,6;27,395;129,2;113,85;75,72;13,3;66,5;51,54;45,3;14,604;186,5;39,13;22,21;94,28;12,49;25,38;231,4;96,42;72,28;33,545;76,18;153,65;218,7;413,6;51,38;38,27;522;31,03;172,42;352;173,14;17,82;54,56;106,9;124,75;25,47;25,97
10.04.2024;200,5;164,28;263,4;54;27,575;129,45;111,5;76,24;13,55;67,5;51,1;45,88;14,956;188,25;39,02;22,6;94,94;12,345;25,33;234,2;96,66;72,78;33,59;76;150,3;215;419,2;51,54;38,54;523;30,51;171,3;340;174,38;17,815;54,9;107,6;124;25,2;26,08
11.04.2024;199,8;162,16;261;52,09;27,02;130,8;111,9;76,84;13,005;66,56;49,89;45,73;14,586;188,45;39;21,21;95,24;12,295;25,3;230,7;96,14;72,44;32,8;75,74;151,85;213,7;416,1;51,12;38,34;532,8;31,34;171,22;345,5;173,58;17,42;53,92;106,45;123;25,01;26,52
12.04.2024;196,4;162,98;262;51,65;26,965;131,15;109,5;76,42;12,95;66,06;49,81;45,09;14,788;189,7;38,79;21,18;92,84;12,455;25,42;230,6;96,88;71,86;32,06;75,37;153,6;217,2;415,6;50,62;38,12;543,2;32,49;171,06;334,9;172,66;17,625;53,4;104,65;123,7;25,24;26,55
15.04.2024;204,6;163,66;264;51,75;26,46;132,4;109,7;75,78;12,9;65,84;50,82;45,61;14,71;190,55;38,99;21,13;93,14;12,35;25,45;233,2;98,34;71,8;32,345;76,24;152,2;216,6;419,2;50,56;37,53;551,8;32;171,66;342,4;175,9;17,645;53,5;104;123,3;25,02;26,89
16.04.2024;202,5;158,96;259;50,53;26,08;133,85;106,45;75,4;12,8;65,48;50,96;44,69;14,438;186,3;38,23;20,83;90,26;12,075;26,61;229,9;95,7;71;32,09;74,61;151,1;212,6;411;49,56;36,92;543,4;31,9;170,38;338,2;173,08;17,415;52,66;103,1;120,65;24,63;26,92
17.04.2024;220;159,86;261,4;50,97;26,25;133,95;105,95;75,14;13,04;61,9;50,64;44,11;14,504;187;38,3;20,88;89,92;12,14;26,51;228,7;96;71,18;31,495;74,4;147,2;212;409,1;49,03;37;531,8;31,7;168,76;329,7;172,68;17,76;52,08;102,7;121,05;24,5;27,34
18.04.2024;225,9;160,64;262;51,07;26,24;135,6;106,95;75,5;13,365;63,5;49,95;44,05;14,8;186,95;38,29;20,95;90,1;12,26;26,65;229,7;94,5;71,9;30,885;74,81;146,75;213,4;413;49,38;37,03;510,4;32,34;169,18;278,9;175,52;17,845;51,18;103,6;121,95;24,95;27,06
19.04.2024;224,6;159,94;263,2;50,44;26,325;135,8;105,85;74,54;13,375;62,36;48,5;43,55;14,954;186,3;38,34;21,16;89,92;12,38;26,9;230;93,14;72,22;30,135;74,14;146;211,9;415;48,97;37,47;504;32,45;165,8;271,6;172,96;17,62;50,8;105,4;121,2;25,19;26,92
22.04.2024;223,8;161,48;266,7;51,11;27,315;136,4;105,85;74,56;13,505;62,94;48,5;43,22;15,16;187,85;38,65;21,61;89,48;12,475;27,38;231;92,32;74,04;29,805;74,19;147,7;217,4;418,5;49,23;38,43;509,8;32,07;166,1;273,2;174,02;17,77;51,46;105,2;121,3;25,36;26,17
23.04.2024;227,9;162,68;270,5;51,08;27,345;137,6;106,45;75,5;13,88;62,94;48,73;43,45;15,396;188,25;39,05;21,75;91,02;12,52;27,66;235,2;93,74;72,08;29,805;74,05;153,65;224,1;435;49,5;38,92;514,6;31,93;174,86;291,7;175,34;17,76;52,16;104,55;121,35;25,78;26,44
24.04.2024;227,7;162,16;266,7;51,32;26,97;138,6;106,55;76,06;13,855;63,24;48,09;42,88;15,4;180,7;38,44;21,77;91,38;12,49;27,32;232,1;93,64;72,6;31,43;74,02;152,35;223,5;430,6;49,34;38,57;520,6;31,66;175,56;293;174,64;17,78;52,76;104,1;120,1;25,35;25,39
25.04.2024;226,4;158,42;262,7;50,99;26,895;139,05;105,05;75,66;14,055;62,08;47,76;41,95;16,66;181,45;38;21,67;89,44;12,45;27,18;227,7;93,1;72,58;32,56;73,22;150,1;220,1;423,2;48,94;37,94;513;31,89;170,2;282,1;173,7;17,8;52,3;99,92;118,8;25,24;24,98
26.04.2024;230,9;157,08;265,5;48,825;27,4;140,5;106,4;74,86;14,105;62,5;48,07;42,9;16,532;182,65;38,84;21,85;89,8;12,41;27,21;230,4;95,22;73,16;33,03;74,36;151,75;223,4;413,5;49,35;38,76;524,4;32,19;174;290,2;177,62;18,85;52,94;99,86;120,1;25,87;25,3
29.04.2024;232,3;155,92;266,3;49,055;27,59;139,45;106,8;75,28;13,74;60,96;47,55;44,03;15,104;182,15;38,9;21,79;87,28;12,465;27,68;232,5;96,4;73,6;32,8;74,79;149,95;225,1;414,3;49,26;39,15;525;33;171,42;291,8;177,64;19,125;52,74;100;120,75;26,15;25,53
30.04.2024;226,4;154,64;266,6;49,155;27,35;140,55;102,45;74,86;13,96;60,84;46,98;42,31;15,01;181,15;39,26;21,49;83,7;12,4;27,97;232,4;94,64;74,46;32,72;70,94;148,95;226,6;412,2;47,93;39,08;517,2;32,63;169,7;282,3;175,9;19,3;52,1;100,7;115,15;27,18;24,66
01.05.2024;226,4;154,64;266,6;49,155;27,35;140,55;102,45;74,86;13,96;60,84;46,98;42,31;15,01;181,15;39,26;21,49;83,7;12,4;27,97;232,4;94,64;74,46;32,72;70,94;148,95;226,6;412,2;47,93;39,08;517,2;32,63;169,7;282,3;175,9;19,3;52,1;100,7;115,15;27,18;24,66
02.05.2024;224;153,56;267,4;48,645;28,13;142,15;101,95;75,06;13,925;61,2;47,22;42,56;15,04;182,8;39,52;21,73;83,4;12,515;27,97;231,7;94,62;74;31,335;70,91;150,3;220,3;409,9;48,04;39,59;512,4;33,31;168,54;281,5;175,2;19,255;51,2;100,45;114,35;27,27;23,51
03.05.2024;225;154,26;264,2;49,07;28,02;143,15;102,5;75,5;13,72;61,56;47,42;40,95;15,258;184,9;39,8;21,66;83,72;12,62;27,95;229,4;95,6;79,34;31,435;71,58;152;226,3;402,6;48,73;39,94;536,6;33,14;170,72;284,3;177,62;19,78;51,9;100,75;115,5;28,12;23,81
06.05.2024;225,1;156,66;269,2;49,48;28,06;143,95;103,05;75,92;13,845;62,46;47,54;40,59;15,606;184,25;38,42;21,74;84,3;12,61;27,87;232,8;97,44;79,5;32,22;72,53;151,95;226,2;414,3;49,13;39,63;546,4;32,38;171,48;282,1;179,36;20,04;52,46;101,15;116,95;28,2;24,44
07.05.2024;222,1;158,86;272,5;50,08;28,485;144,1;104,2;76,32;14,19;63,64;49,22;40,98;16,044;187,05;38,59;21,72;85,02;12,9;28,13;229,7;98,34;79,42;36,385;73,3;153,5;229,2;420;49,6;39,72;528,8;33,11;174,36;280,7;180,14;20;52;103,1;118,05;28,67;26,51
08.05.2024;222,5;161,6;273,6;49,51;28,475;144,35;101,15;76,84;14,09;61,62;48,43;40,52;16;186,85;38,31;21,64;81,6;12,97;28,48;231,1;97,74;81,74;36,06;72,57;154,15;232,2;433,4;49,2;40,02;534,8;33,01;176,46;277;181,58;22,56;51,88;104;117,2;28,25;25,16
09.05.2024;223,3;162,38;263,3;49,84;28,69;145,75;101,65;77,64;13,995;60,6;48,78;41,29;15,9;188,15;38,97;21,9;81,26;13,085;28,03;233,4;100,1;82,52;36,89;68,35;155,7;234,6;441,6;49,63;40,35;541,8;33,84;177,78;281,8;184,08;23,3;52,48;103,45;117,4;27,49;24,43
10.05.2024;224,4;159,84;265,5;48,805;28,955;147,25;101,6;77,74;14,005;60,88;48,21;41,49;15,878;187,45;39,58;21,97;81,54;13,195;28,67;237,3;102,95;82,28;38;68,19;155,5;233,4;455,4;49,32;40,87;535,8;34,5;176,06;278,8;188,4;24,28;52,58;101,95;116,95;27,62;25,24
13.05.2024;224,4;157,88;266,1;49,04;29,38;147;102,95;77,84;13,88;62,06;48,9;41,09;15,802;182,9;39,58;22,01;84;13,19;28,67;235,3;101,45;81,78;37,18;68,36;154,5;234,3;447,5;50,02;40,93;536,2;34,46;176,68;277;187,98;24,19;52,78;102,25;118,75;27,9;24,75
14.05.2024;227,1;158,68;265,4;49,36;29,22;145,05;103,75;71,44;14,325;62,1;48,74;41,59;16,03;180,25;39,39;22,01;85,44;13,04;28,65;227;102,05;82,46;37,2;69,33;158,3;235;446,7;50,54;41,54;521,6;34,95;174,68;289,5;185,24;24,14;53,08;102,15;121,85;28,05;24,65
15.05.2024;232,1;160,04;263,3;49,64;29,325;144,4;102,9;71,02;15,06;62,6;48,49;41,1;16,056;180,2;39,75;22,12;84,08;13,24;28,72;224,8;102,6;83,08;38;69;165,85;237,5;446;50,08;42,05;515,4;35,6;176,1;292,9;187,7;25,71;53,48;102,2;121,2;29,94;25,01
16.05.2024;230,3;159,06;266,3;49,075;28,65;144;96,46;69,8;15,165;62,96;47,89;39;15,856;181,5;40,28;21,89;83,48;13,4;28,52;227,5;99,98;83,76;37,095;68,32;168,7;234,8;454,4;49,89;42,09;513,4;35,39;176,74;277,6;175;25,42;54,32;100,55;120,35;29,82;25,25
17.05.2024;228,9;158,96;267,4;48,875;28,58;144,7;96,02;69,66;15,465;62,3;48,36;39,32;15,636;184,55;39,97;22;82,4;12,7;27,94;225,9;98;83,98;37,005;68,06;167,2;228,7;457,8;49,64;42,14;512;34,71;177,02;268,5;172,56;25;52,88;102,4;120,4;29,73;24,31
20.05.2024;227,7;160,98;267,8;49,255;28,665;145,35;95;69,4;15,595;62,22;49,4;39,06;15,686;183,8;39,88;22,21;80,84;12,67;27,75;224;98,3;84,54;37,495;67,13;166,55;232,1;458,2;49,41;41,88;531,2;34,74;179,38;270;173,12;24,35;52,94;103,05;119,2;29,48;24,27
21.05.2024;228;161,32;267,2;49,155;28,315;146,25;94,82;69;15,645;61,6;49,93;39,23;15,552;184,7;39,18;22,13;79,58;12,7;27,52;227,2;97,72;84,28;36,35;66,81;165,7;229,7;460,9;49,43;41,46;527;34,42;180;270,5;173,64;24;53,42;103,8;119,15;28,77;23,96
22.05.2024;225,4;160,38;266,6;48,4;28,395;147;93,2;67,8;15,55;61,32;47,9;39,33;15,502;184,85;39,1;22,11;76,72;12,54;27,63;228,2;97,36;83,78;37,71;65,76;168,5;227,1;461,5;48,62;40,53;522;34,71;179,32;264,2;173,7;23,94;53,98;105,6;118,4;28,99;23,68
23.05.2024;222,9;161,34;264;48,44;27,585;146,3;92,72;67,28;15,57;60,92;47,78;38,99;15,546;184,7;38,62;21,77;75,62;12,33;28,36;226,1;99,34;83,56;38,07;65,71;169,05;234,3;455,1;48,07;40,13;534;34,6;181,36;262,2;177,18;24,57;53,7;105,5;118;28,41;23,25
24.05.2024;223,9;159,1;264,9;48,22;27,63;146,2;92,84;65,08;15,665;61;48,91;39,36;15,724;184,4;38,94;21,76;75,52;12,35;28,93;227;99,96;83,54;38,01;66,03;167,75;234,3;462,1;48,57;40,32;530,8;34,15;180,06;253;177,3;25,59;53,68;105,1;118,45;27,85;23,62
27.05.2024;222,7;159,42;266,2;48,76;28,27;145,9;93,7;65,66;15,59;62,12;49,71;39,44;15,71;182,9;39,04;21,76;75,84;12,45;29,2;226,8;99,82;83,66;38,06;66,29;167,4;234,1;462,5;49,92;40,25;532,2;35,02;180,42;253,6;178,92;25,82;53,8;106,1;120,4;27,99;24,05
28.05.2024;222,3;158,44;265,9;48,215;27,8;143,9;93,8;65,48;15,74;61,96;49,5;39,52;15,666;178,2;39,2;21,72;75,42;12,4;29,23;223;98,6;82,5;38,285;66,38;167,65;229,8;459,2;50,34;39,57;523,6;35,03;177,22;249,3;177,26;26,83;53,82;107,15;123,3;28,53;24,03
29.05.2024;227,1;156,98;263,9;47,24;26,925;143,6;91,82;64,74;15,395;60,6;48,83;38,84;15,336;177,85;38,43;21,62;73,42;12,25;29;224;97,02;82,4;37,065;65,47;168,5;230,6;457,2;49,5;39,29;515;34,23;175,82;241,8;175,74;25,8;53,7;107,5;120,8;27,9;24,11
30.05.2024;231,5;159,1;265,7;48,08;28,055;143,05;92,6;65,48;15,705;61,64;49,56;38,97;15,43;179,7;38,39;22,01;75,06;12,255;29,03;225;96,72;82,66;37,085;65,93;164,65;230,9;454,6;50,1;39,27;516,6;34,82;168,58;241,1;176,12;26,03;53,46;109,3;114,5;28,21;24,27
31.05.2024;231,5;155,9;268,3;48,41;28,24;144,35;93,18;65,98;15,54;62,24;49,39;39,17;15,226;182,9;38,66;22,29;75,9;12,28;29,28;228,2;95,72;83,12;36,825;66,4;166,5;228,5;457,9;50,52;39,37;527,8;34,84;165,96;241,5;176,26;24,82;53,38;109,35;115;28,8;24,25
03.06.2024;232,9;155,12;270,8;47,935;28,625;144,6;93,26;64,88;15,385;62,32;49,26;39,31;15,362;183,45;38,65;22,64;77,12;12,445;29,17;232,8;95,88;82,54;36,92;66,33;167,45;228;458,1;50,44;40,01;535;35,64;168,26;239,3;178,16;25,36;52,94;108,95;114,95;29,01;24,41
04.06.2024;232,4;152,62;262;47,355;28,335;143,9;92,04;64,46;14,95;62,34;48,91;38,86;15,026;186;38,57;22,25;76,32;12,56;29,19;229,4;94,3;83,16;36,71;65,53;166,35;228;450,8;50,18;40,23;517;35,57;168,6;236,1;174,28;23,91;54,22;110,7;114,1;29,39;24,37
05.06.2024;231,7;153,18;262,8;47,18;28,595;144;91,42;64,88;14,82;61,96;48,1;39,53;15,01;188,4;39,24;22,61;75,74;12,65;29,64;231,5;94,84;83,4;37,22;65,58;170,75;229,3;456,5;50,1;40,77;523,6;35,2;171,52;246,3;178,82;23,96;54,58;110,35;114,1;29,33;24,15
06.06.2024;231,2;153,54;263,9;46,98;28,385;142,95;91,5;64,76;15,285;61,5;47,2;40,08;15,264;188,5;39,72;22,63;75,82;12,57;30,36;234,8;95,12;84,06;36,66;65,78;171,9;228,7;462,7;50,08;41,12;523,8;34,87;177,72;249,9;175,68;23,22;55,06;109,7;113,45;28,76;24,15
07.06.2024;231;150,24;261,5;46,8;28,09;145,05;91,18;65,18;15,575;61,04;48,4;38,38;15,296;187,95;39,5;22,59;75,38;12,33;30,3;234,5;95,52;84,54;38,01;65,11;171,3;228,7;462;49,44;41,32;532,8;34,18;177,36;244;174,44;23,02;55,1;110,15;112,6;26,68;23,42
10.06.2024;229,7;149,32;259,4;46,15;27,475;144,15;91,3;65,08;15,345;61;48,5;38,07;15,28;186,1;39,21;22,61;73,6;12,315;30,16;232,8;95,68;84,92;37,715;65,52;171,9;233,4;460,5;49,57;41,48;531,4;33,61;176,82;248,5;174,44;23,5;54,8;110,1;112,35;26,64;23,28
11.06.2024;225,8;148,46;256,1;46,44;27,08;144,5;91,12;65,88;14,84;60,86;51,96;37,87;14,796;186,45;38,68;22,61;73,68;12,285;29,43;231,9;95,14;84,9;37,65;65,41;171,8;230;459,7;49,19;41,05;517,4;33,69;175,4;249,5;172,46;23,31;54,94;111,1;111,2;26,24;22,91
12.06.2024;230,4;149,42;259,7;46,48;27,825;146,5;90,26;66,7;14,73;60,86;52,18;38,45;14,96;185,95;39;22,54;72,36;12,39;30,05;234,2;99,36;85,04;38,51;64,82;175,85;235,5;467,8;45,66;40,79;513,6;34,05;181,4;245,1;178,1;24,02;54,94;112,9;109,55;27,03;23,4
13.06.2024;227,5;145,8;256,3;45,62;27,345;145,3;88,26;65,42;14,4;58,68;50,8;37,38;14,526;180,2;38,63;22,53;70,36;12,295;29,93;230,5;97;84,54;37,93;63,65;172,3;229,6;461,4;43;40,38;506;33,66;177,98;241,2;170,84;23,39;54,16;111,35;105,75;26,77;22,54
14.06.2024;224,9;143,8;253,4;44,585;27,065;146,45;86,9;65;13,765;55;50,24;36,47;14,414;182,25;37,75;22,63;70,62;12,43;29,56;226,6;95,26;83,06;36,5;63,2;172;224,4;456,8;42,46;39,7;479,2;33,16;174,78;245,7;165,74;23,24;53,64;112,4;104,5;26,98;22,15
17.06.2024;219,1;145,78;255,6;44,84;26,13;146,15;88,08;64,6;13,895;55,68;49,68;36,92;14,646;186,1;37,66;22,57;70,04;12,375;29,4;229,6;96,48;83,36;36,15;63,59;171,25;225;458,2;42,72;40,41;486;33,04;175,76;240,9;168,1;23,28;52,52;113,7;105,15;26,31;22,77
18.06.2024;216;148,12;257;45,04;26,14;142,05;87,58;65;14,105;54,58;49,75;36,74;14,664;189,6;37,97;22,8;69,48;12,445;28,63;232,9;95,82;83,36;35,985;63,52;169,15;225;462,9;42,91;41,11;490,8;33,41;176;243,9;168,44;23,68;52,44;115,4;105,4;26,35;22,73
19.06.2024;215;147,96;258,1;44,945;25,62;139,55;88,54;64,4;14,085;54,8;49,71;36,83;14,71;189;37,76;22,89;68,46;12,505;28,51;233,9;96;83,3;34,69;63,83;163,8;223,6;460,9;42,6;38,8;487,9;33,1;176,28;209,4;168,24;24,09;52,36;113,8;105;26,16;22,48
20.06.2024;221,2;148,8;260;45,54;26;140,45;88,38;64,5;14,265;54,86;50,32;36,96;14,742;190,3;38,15;22,89;69,28;12,565;28,35;234,3;96;82,36;34,985;64,34;166,6;227,9;463,8;43,05;38,82;496,3;33,52;179,7;219;170,34;24,92;53,24;114,05;105,85;26,61;22,63
21.06.2024;217,8;148,64;259,6;45,15;26;141;87,26;64,28;14,035;55,28;51,24;36,62;14,46;192,4;37,69;22,88;69,26;12,615;28,07;235,8;94,5;81,98;33,94;63,66;166,75;228,6;462,9;42,56;39,13;491;33,43;181,06;219,2;168,2;23,63;53,02;113;104,7;26,25;22,54
24.06.2024;220,1;148,86;261,5;46,16;26,655;141,75;89,64;65,64;14,23;55,3;53,86;37,25;14,842;194;38,15;23,15;70,36;12,605;28,37;237,1;95,96;83,24;34,005;64,54;167,05;228,8;467,1;42,94;39,2;500,4;33,47;179,46;224,8;171,04;24,58;53,5;114,7;106,2;26,43;21,67
25.06.2024;217,9;134,7;260,2;46,41;26,15;140,95;90,24;64,8;14,21;54,2;54,5;36,93;14,668;192,75;38,1;23,32;71,12;12,59;28,26;236,7;94,58;82,52;34,07;64,81;157,5;220,8;466,1;42,7;38,71;495;33,66;181,72;219,4;169,58;24,43;53,6;114,95;106,55;26,32;21,99
26.06.2024;222,2;130,9;259,1;45,205;25,985;142;87,96;64,1;14,16;53,12;54,12;36,64;14,668;192,1;38,26;23,32;70,62;12,495;27,98;234,8;94,58;83,48;34,37;64,25;155,5;220,9;465,7;42,21;38,14;490,1;33,22;186,02;222,5;169,22;24,48;54,42;115,65;104,8;26,08;21,8
27.06.2024;222,6;130,64;259,4;45,345;26,11;138,45;88,1;63,5;14,13;53,08;54,4;36,47;14,784;193,9;37,97;23,37;69,82;12,385;28,03;235,3;96,38;83,7;33,99;63,43;155,55;233,2;468,3;41,8;38,35;475,8;32,6;187,44;216,6;173,54;24,64;55,36;115,15;103,95;26,47;21,32
28.06.2024;223;128,26;259,5;45,185;26,38;136,55;88,38;62,96;14,185;52,9;54,8;37,17;14,908;191,1;37,79;23,48;69,52;12,255;27,88;236,7;96,82;83,22;34,305;64,57;154,75;238,8;467;42,21;38,55;475,7;31,95;189,52;219;173,72;24,31;53,8;114,3;105,4;26,55;21,89
01.07.2024;219,5;131,64;262,5;44,39;26,17;136,55;89,14;63,12;14,605;53,04;54,64;37,23;15,406;190,5;38,52;23,68;69,36;12,205;28,3;240,9;96,44;83,14;34,365;64,8;152,05;236,6;466,9;42,33;37,82;483,4;32,6;185,68;211,7;177,12;24,16;53,84;114,5;106,05;26,45;22,85
02.07.2024;216;131,84;258,7;44,72;25,855;136,6;88,02;63,2;14,52;52,52;54,62;36,68;15,22;190,75;38,55;23,51;68,14;12,115;28,41;232,7;94,96;82,72;34,14;64,73;150;244,6;451,7;42,23;37,81;481,8;32,15;185,2;212,2;174,84;25,07;53,64;114,75;105,75;26,24;22,67
03.07.2024;218,1;135,86;260;45,255;26,225;135,8;88,44;63,82;14,58;53,9;54,74;36,22;15,744;190,75;39,64;23,76;68,96;12,25;28,46;230,5;97,16;82,02;34,73;65,3;151,25;251;445,6;42,69;37,51;505;32,7;187,66;220,9;176,76;25,95;53,22;114,7;106,5;26,81;23,24
04.07.2024;219,5;136,08;261,6;45,45;26,205;136,15;88,16;64,16;14,67;59,04;54,76;36,5;15,87;190,2;39,88;23,75;69,8;12,24;28,63;234;98,78;82,08;34,98;65,94;152,6;253;450,2;42,91;37,71;515,2;32,97;187,02;224,7;177,34;26,24;53,32;113,6;107,6;26,79;23,4
05.07.2024;220,3;136,26;260,9;45,12;26,165;136,25;87,7;64;14,735;61,26;54,96;36,36;15,664;187,25;40,12;23,83;71,16;12,355;29,1;232,6;98,42;81,94;35,78;65,47;152,6;252,8;445,6;42,82;37,93;490,6;33,6;189,08;230,6;177,12;26,37;53,5;113,85;106,85;27,39;23,83
08.07.2024;218,8;135,68;262,2;44,945;26,055;137,9;87,12;63,7;14,765;60,36;54,84;36,13;15,472;186,75;40,29;23,9;72,28;12,175;29,05;239,6;99,68;82;35,705;65,39;151,1;253,7;459,1;42,82;37,38;497;33,06;187,84;232,6;177,16;26,87;53,42;113,5;106,8;27,09;23,59
09.07.2024;216,1;131,82;259,9;44,205;25,35;137,85;87,7;63,38;14,585;59,12;55,32;36,01;15,398;186,35;39,56;23,64;72,58;12,12;28,8;238,2;97,62;81,7;34,98;63,15;149,7;249,2;459,5;42,67;36,91;500,8;32,64;184,76;230,4;173,26;26,62;53,54;113,8;106,6;27,23;23,39
10.07.2024;221,3;133,36;262,3;43,675;26,125;138,4;89,5;63,48;14,63;59,2;54,64;36,51;15,43;186,6;39,97;23,85;75,24;12,28;29,01;238,3;97,94;81,48;35,395;63,95;149,15;246,7;462,6;42,77;37,75;501,2;33,05;185,8;231,7;176,38;27,2;53,76;113,9;106,25;28,35;23,84
11.07.2024;225,8;131,96;264,1;44,115;26,64;137,65;91;63,34;14,565;59,12;54,8;37,33;15,316;188,1;40,3;23,76;75,04;12,5;29,24;238,6;99,76;81,18;35,3;64;153,35;245,2;462;43,25;38,34;510,6;34,03;186,46;243,4;178,9;27,8;55,16;114,35;107,15;29,19;24
12.07.2024;231,2;133,42;266,7;44,655;26,935;138,35;92,18;63,92;14,505;58,92;54,92;38,03;15,304;192,1;40,83;23,88;75,56;12,47;29,35;239,3;102,2;82,08;36,085;64,78;154,25;251,6;464,4;43,46;38,42;509;33,89;188,74;240,2;184,16;27,75;55,3;114,95;108,55;29,01;24,36
15.07.2024;231,4;133,02;265,2;43,64;26,385;136,9;89,82;63,3;14,42;58,42;54,7;38,14;15,254;190,9;40,87;23,8;75,3;12,275;28,82;239,4;101,15;81,48;35,745;64,46;151,75;250,3;464,7;43,41;38,2;515,4;32,73;187,76;239,3;180,88;26,38;54,62;113,65;108,2;28,64;24,51
16.07.2024;228,7;133,02;263,2;43,815;26,055;135,85;88,88;63,66;14,9;58,5;54,84;37,82;15,11;190,1;40,58;23,81;71,76;12,19;29,56;233,8;102,8;81,46;35,235;63,55;154;250,8;456,4;43,01;38,6;513,4;32,61;187,22;242,1;181,56;26,6;53,94;112,75;106,95;28,44;24,52
17.07.2024;233,5;132,14;263;45,11;26,68;137,1;89,7;64,78;14,93;58,06;54,94;37,18;15,224;190,45;40,2;24,04;72,08;12,375;30,02;233,1;101,85;82,54;34,93;63,35;154,55;249;458,3;42,86;38,68;483,7;32,74;183,26;243,6;178,4;25,44;53,74;111,25;106,45;28,2;24,09
18.07.2024;232,8;130,9;262,6;45,23;26,97;137,65;91,32;65,72;15,36;59,18;55;38,13;15,294;189,2;40,37;24,26;73,44;12,445;30,23;233,6;101,45;83,02;34,465;64,4;152,55;245,9;456,5;43,26;38,64;493;32,77;180,58;246,7;170,52;24,85;54,58;112,35;107,6;28,11;24,25
19.07.2024;227,1;131,66;259,4;44,095;26,26;137,1;89,48;64,56;15,235;57,38;54,74;37,36;15,01;186,7;39,85;24,19;71,6;12,38;29,96;227;100,6;82,54;33,1;63,53;149,6;247,8;444,6;42,53;37,62;490,2;32,79;181,5;209,1;170,44;25,43;53,58;112,05;105,6;28,17;23,29
22.07.2024;228,7;132,56;262,3;44,82;27,31;138,25;90,92;65,48;15,58;57,86;55;38,12;15,47;189,55;40,67;24,31;72,64;12,51;30;230,2;101,95;82,34;34,21;64,25;150;247,7;451;42,7;38,48;493,7;33;183,62;204,5;173,26;25,84;53,34;113,95;106,65;28,42;23,31
23.07.2024;230,4;132,2;262,6;44,755;26,97;137,2;90,02;65,32;15,525;57,2;55,44;36,45;15,682;188;40,27;24,15;68,94;12,62;31,34;230,3;102,05;82,5;33,07;63,97;152,75;253,2;452;41,46;38,65;493,8;33,11;196,74;220,3;173,62;26,28;52,9;112,9;105,65;28,45;23,21
24.07.2024;232,6;130,64;259,7;44,8;26,975;135,3;89,1;65,3;15,34;57,16;54,92;35,28;14,378;188,1;39,91;24,02;68,8;12,68;31,46;229,5;99,88;81,76;32,59;63,46;155;253,1;450,5;41,21;38,68;496;33,25;193,82;227,6;171,44;25,72;53;114,6;105,35;28,16;23,47
25.07.2024;229,1;128,98;258,9;44,77;27,53;135,3;88,2;65,08;15,25;57;54,64;35,16;14,422;188,15;40,09;24,21;69;12,84;31,86;228,3;97,86;79,98;30,48;62,96;155,3;253,5;449,7;41,46;39,17;471,4;33,3;195,22;228,4;168,82;24,87;53,1;113,65;104,65;28,1;23,69
26.07.2024;233;130,96;261,1;43,735;27,465;136,75;87,56;65,78;15,06;57,22;54,96;35,5;14,418;188,95;40,48;24,24;69,86;12,855;31,86;230,1;99,82;80,58;30,725;63,02;159,5;257,9;455,3;41,42;40,2;489,3;33,63;195,78;243,3;169,82;25,4;53,3;114,7;104,8;28,18;24,07
29.07.2024;235,8;130,24;258,8;43;27,435;135,4;86,58;65,72;14,875;57;53,9;35,54;14,32;187,5;40,61;24,17;69,52;12,94;31,79;227,8;98,66;79,58;31,415;61,9;164,5;255;451,3;41,46;41,01;493,3;34,08;192,88;243,7;167,84;25,33;53,92;114,65;104,3;28,29;23,86
30.07.2024;236,6;133,56;261,9;42,77;27,6;135,55;86,76;65,94;15,07;56,88;54,68;35,6;14,614;189,55;41,03;24,09;69,44;12,94;31,9;230,9;97,8;78,58;31,6;61,63;165,85;259,7;457,2;41,4;40,86;498,5;34,24;192,02;252,7;168,5;25,41;53,2;116,15;104,05;28,78;24,06
31.07.2024;231,3;140,02;260,8;43,1;27,495;134,2;85,82;65,82;15,09;56,7;54,46;35,74;14,436;189,4;41,25;24,17;69,76;12,965;33,19;229,7;96,48;79,1;32,05;61,16;165,8;261,7;455,6;41,33;41,28;503,8;34,49;195,02;262,7;169,42;26,91;49,63;116,75;103,2;28,41;23,71
01.08.2024;225,5;133,88;253,9;42,32;27,27;131,9;83,2;65,06;14,275;55,46;54,88;34,6;13,994;186,75;38,66;23,96;68,86;12,615;31,75;222,2;94,2;78,28;31,1;59,43;168,3;260,1;442,7;40,44;41,42;496,5;34,25;191,46;261,7;164,54;26,13;49,35;114,9;99,18;29,08;24,44
02.08.2024;218,7;131,88;251,3;41,77;27,355;131,25;82,06;65,82;13,615;53,82;53,94;32,98;13,174;184,9;37,07;24,12;68,64;12,58;31,34;219,1;89,68;77,34;29,53;58,3;163,5;256,6;436,3;39,9;42,07;480,1;31,56;186,16;250;157,8;24,18;48,94;111,25;96,86;29,34;22,98
05.08.2024;214,9;130,52;245,5;40,84;26,945;131,2;79,82;64,84;13,285;53,2;52,62;32,35;12,836;181,95;36,71;23,79;67,68;11,975;30,95;213,7;88,12;77,34;29,925;56,92;162,75;252,9;426,9;38,85;41,25;480,3;30,86;181,22;242,7;155,14;23,67;49,42;110,7;93,9;28,58;22
06.08.2024;213,2;133,1;244,6;40,87;25,315;131,4;79,54;63,74;13,18;54,36;53,6;32,25;12,838;179,2;36,59;23,74;66,52;11,945;30,65;212,1;86,8;77,58;29,735;56,58;162,5;256,9;426,8;38,41;41,14;489,8;31;185,4;241,2;154;24,46;48,81;109,75;93,08;28,29;21,58
07.08.2024;216,7;135,94;249,2;41,605;26,115;128,4;80,4;65,5;12,69;58,08;53,32;32,91;13,038;183,75;37,04;23,92;67,3;12,13;31,1;214,3;88,22;77,84;30,37;57,84;164,25;262,6;435,4;38,83;41,41;494,6;31,93;187,98;246,7;155,94;24,39;48,94;111,35;94,3;28,78;22,11
08.08.2024;215,5;134,42;253,9;41,585;26,35;126,1;79,82;63,62;12,295;58,68;53,2;33,43;13,09;182,95;36,33;24,37;66,6;12,2;30,92;215,4;88,16;77,86;30,32;58,04;166,35;258,5;434,6;38,76;41,36;511,6;32,06;188,28;244,7;159,2;24,39;49,26;110,55;94,26;28,59;22,74
09.08.2024;214,6;134,36;255,9;41,37;25,965;125,95;79,7;63,68;12,305;58,66;53,8;33,29;13,292;184,15;36,17;24,61;66,32;12,225;30,89;216,1;88,36;77,48;30,165;57,81;166,15;258;434,8;38,68;41,6;538,4;31,82;189,92;248,3;157,18;24,19;50,24;111,4;93,94;29,46;22,79
12.08.2024;212,4;133,72;255,9;41,28;25,96;124,55;78,98;63,82;12,42;58,86;53,74;33;13,308;185,15;36,04;24,73;65,68;12,325;30,89;227,4;87,64;78,06;30,28;57,48;166,75;258,6;439,2;38,46;41,33;546;32,36;189,3;241,1;157,2;24,25;50,28;111,55;93,5;29,07;22,88
13.08.2024;213,3;134,26;256,9;41,46;25,985;123,7;79,32;64,1;12,305;58,56;53,4;33,25;13,3;186,8;36,01;24,76;65,64;12,385;31,34;231,2;88;79,08;30,3;57,44;166,95;262,4;437,4;38,72;41,74;547,6;32,29;191,58;237;158,94;24,72;50,5;111,35;92,94;29,25;22,88
14.08.2024;217,2;134,56;259;41,205;25,835;124,05;80,04;63,22;12,31;58,52;53,24;33,55;13,38;188,7;36,47;24,95;66,46;12,025;31,67;236,5;89,12;78,6;30,375;58,27;167,25;265,3;445,2;39,06;41,79;558;30,45;192,08;235,4;159,3;24,85;51,02;111,85;92,62;29,45;22,41
15.08.2024;218,4;136,98;263,5;42,125;26,275;124,65;81,48;63,46;12,685;59,5;53,7;33,95;13,81;192,35;37,5;25;67,34;11,99;31,63;242,6;90,24;78,1;31,66;59,59;169,75;267,4;452,8;39,78;42,2;563,2;30,8;195,98;239;162,7;25,2;51,36;112,45;94,68;29,46;22,95
16.08.2024;217;137,58;267;42,55;29;124,25;81,74;63,24;12,755;59,24;54,6;34,2;14,04;194,25;37,75;25,15;67,76;12,22;31,95;245,4;90,64;78,16;31,545;60,09;167,55;268,3;461,3;39,93;42,21;562,2;31,01;196,8;238,8;163,2;25,17;51,5;113,1;95,26;29,36;23,2
19.08.2024;217,6;138,48;269,7;43,08;29,085;124,25;82,72;64,22;12,775;60,02;54,3;34,29;14,148;195,2;38,24;25,22;68,92;12,245;32,08;247,4;91,26;77,9;31,56;60,7;169,8;268,9;462,9;40,33;42,35;551,2;31,37;197,24;241,4;164,26;25,41;51,5;112,75;96,3;29,67;23,9
20.08.2024;214,1;138,44;270,5;43,35;28,27;124,95;82,66;64,2;12,62;59,24;53,84;34,07;13,918;195,2;37,92;25,08;69,04;12,39;32,07;247,8;91;79,26;31,635;60,96;170,5;267;464,2;40,14;42,19;534,6;31,54;195,9;235,5;163,82;24,52;51,08;113,4;96,06;29,78;24,1
21.08.2024;217,4;139,06;271,6;44,16;28,11;126,75;83,56;65,04;12,71;59,46;53,86;34,33;14,008;196,45;37,99;25;70,64;12,365;32,24;247,2;91,84;80,12;32,11;61,86;170,15;265;465,5;40,41;42,27;536,8;31,49;196,5;237,9;164,86;24,66;51,24;114;96,48;29,85;24,25
22.08.2024;217,5;138,98;272,4;44,445;27,71;126,85;83,22;64,14;12,98;59,08;53,54;34,23;14,572;197,3;38,08;25,08;70,34;12,435;32,54;250,8;92,58;80,62;32,115;61,61;170,15;266,1;469,2;40,52;42,32;533,6;31,67;196,54;239,9;164,88;25,07;51,36;113,5;96,52;29,99;24,39
23.08.2024;219,2;140,74;276,1;44,95;27,865;128;84,46;65,2;13,095;59,98;53,56;34,6;14,7;197,85;38,35;25,19;69,82;12,61;32,85;254,3;94,28;81,12;32,2;62,09;171,5;267,5;475;40,77;42,18;535,4;32,05;195,62;240,9;167,1;25,75;51,4;114,2;97;30,54;24,77
26.08.2024;218,9;141,12;275;44,965;27,555;127,85;84,8;65,16;13,055;59,82;53,76;34,57;14,606;198;38,29;25,18;69,66;12,655;32,85;255,3;94,12;81,18;32,14;62,31;172,05;265,4;474,9;40,81;41,18;535;32,09;194,2;241,9;167,8;25,55;51,14;114,05;96,78;31,67;24,89
27.08.2024;223,7;140,9;276,3;45,2;27,54;128,75;84,78;66,28;13,215;61,46;53,84;34,16;14,698;199;38,4;25,33;69,86;12,705;33,23;255,3;94;81,7;32,39;62,56;171,8;267,2;481,5;40,77;41,07;535,6;32,12;195,26;245,3;167,12;25,29;51,42;113,7;96,82;31,19;24,63
28.08.2024;227;140,74;280,7;45,185;27,61;129,5;83,54;67,32;13,26;61,16;55,5;34,29;14,68;201,9;38,54;25,57;69,66;12,85;33,26;257,8;94,24;81,9;32,345;62,14;173,6;269,2;490,3;40,58;41,48;543,4;32,12;195,2;244,4;168,22;25,39;52,14;117,45;96,3;31,2;23,99
29.08.2024;231,6;140,6;280,9;45,725;27,81;131,3;83,86;67,18;13,255;61;55,4;34,55;14,666;203;38,9;25,71;70,52;12,7;33,24;255,3;95,46;82,6;32,86;62,38;174,95;271,1;488,1;40,75;41,45;542,6;32,62;199,02;248,7;170,22;25,6;52,58;118,55;96,14;30,66;24,03
30.08.2024;232;138,82;280,9;45,85;27,865;130,75;83,82;67,22;13,38;61,08;55,4;34,66;14,748;202,9;39,2;25,71;70,84;12,81;33,37;256,3;95,66;82,76;33;62,34;175,85;270;489,3;40,67;41,47;542;32,63;197,72;249,4;169,92;26,05;52,58;119,05;96,18;31,18;23,44
02.09.2024;230;136,9;281,9;45,58;28,03;130,05;83,14;67,34;13,41;61,08;54,96;33,96;14,754;202;39,72;25,88;69,8;12,91;33,45;258;96,32;82,84;32,82;61,96;175,2;266,4;495,5;40,89;41,09;527,4;32,71;199,86;237,6;170,56;26,26;52,32;118,65;97,38;31,8;22,71
03.09.2024;230;134,46;282;44,49;27,81;130,55;81,56;67,02;13,09;61;54,8;32,78;14,516;202;39,33;25,82;67,56;12,94;33,45;260,4;94,5;83,18;31,285;60,9;173,95;265,1;495,2;40,32;40,56;520;32,62;198,2;236;168,12;25,61;52,08;120,85;96,22;31,45;22,87
04.09.2024;224,5;133,58;280,9;44,52;27,89;129,45;80,54;66,7;12,735;59,8;55,04;31,7;14,48;203,7;39,19;26,12;66,72;13;33,68;259,7;92,66;82,5;30,09;59,89;172,15;267,1;492,7;39,9;40,07;523,4;32,31;193,58;230,9;166,72;25,72;51,2;120,5;95,02;32,23;22,66
05.09.2024;222;131,74;283,6;44,705;28,975;129,15;80,3;65,26;12,875;60,6;55,6;31,79;14,948;203,3;39,03;26,29;67,16;13,165;33,8;256,9;91,82;82,06;30,045;60,04;169,95;265,5;493,7;40,06;40,25;515,2;32,97;191,44;235,5;165,22;25,55;50,76;118,5;94,82;32,82;22,49
06.09.2024;220,7;128,34;280,2;43,415;28,91;127,85;78,2;64,28;12,705;58,6;55,28;31,08;14,668;206;38,47;26,02;66,32;13,29;33,22;252;90,86;81,24;28,98;58,45;168,8;267,5;477,3;39,22;39,96;502;32,81;190,72;237,5;161,14;23,84;50,54;119,1;92;32,91;22,15
09.09.2024;214;129,84;283,7;43,58;28,68;128;77,64;64,96;12,905;58,78;55,7;30,96;15,03;209,7;39;26,23;66,36;13,425;33,63;253,7;91,96;80,92;29,235;58,24;169,9;270,3;482,3;39,54;40,96;507;33,17;192,58;252,3;162,6;24,6;50,1;120,75;91,76;32,78;22,04
10.09.2024;209,1;130,46;282,9;42,49;27,615;127,2;68,98;64,14;12,6;52,6;55,3;29,87;14,292;207,2;39,12;26,11;65,22;13,47;33,88;254,1;90,68;80,52;28,52;55,4;170,3;272,7;482;38,38;41,5;511;33,11;192,54;251,2;162,36;24,92;49,87;120,25;88,66;33,49;21,62
11.09.2024;212,8;130,1;283,3;42,77;27,01;126,7;71,08;63,68;14,685;52,7;55,9;29,73;14,034;205,8;39,24;26,26;66,78;13,435;33,83;252;90,88;80,4;28,88;55,68;169,8;272,9;479,5;38,78;41,62;510,2;32,84;194,42;249,2;162,14;25,39;49,86;120,7;89,2;33,07;21,32
12.09.2024;218,5;130,5;284,7;42,7;26,79;126,6;71,36;64,36;15;51,9;55,96;30,43;14,28;208,1;40,22;26,57;65,72;13,37;33,69;252,8;92,3;80,12;29,255;55,67;168,55;275,4;483,5;38,81;41,02;521,8;32,63;199,18;244,3;164,3;26,69;50;119,9;89,96;32,92;21,35
13.09.2024;218,5;130,56;286,6;43,6;26,98;126,8;73,32;64,88;15,625;53,62;56,36;31,07;14,628;208,8;39,81;26,82;67,08;13,54;34,51;254,6;93,08;80,38;29,825;56,74;168,2;279,2;485,7;39,79;41,52;521;33,01;200,65;246,4;164,06;29,21;49,79;121,25;92,38;33,41;23,55
16.09.2024;219,3;129,46;287,5;43,555;26,71;126,95;72,52;63,66;15,595;53,28;55,62;31,06;14,598;208,2;39,62;26,91;67,38;13,655;34,04;256,2;93,76;80,5;29,05;56,54;166,05;276,4;485,9;39,77;41,76;518,2;32,67;200,15;240;162,9;29,11;49,41;120,6;91,08;33,2;24
17.09.2024;221,1;129,7;288,4;44,385;27,465;125,7;72,92;64,58;15,535;54,4;55,56;32,15;15;205,7;39,81;26,68;67,8;13,7;34,44;252;95,26;80,04;29,985;57,17;166,65;269,7;478,1;40,24;41,59;483,2;32,7;200,65;245;166,36;30,35;50;122,15;92,32;32,91;25,76
18.09.2024;220,2;128,64;288,4;45,435;27,925;124,2;74,52;63,7;15,76;55,16;54,92;32,17;14,938;204,4;39,9;26,47;68,06;13,535;34,22;250,8;95,78;80,12;30,175;57,61;166;270,3;481,2;40,64;41,19;481,3;32,28;199,58;248,1;165,72;31,19;49,73;120,5;92,62;32,71;26,15
19.09.2024;227,1;133,4;291,8;46,8;28,97;128,7;76,14;65,34;15,6;55,66;54,9;33,02;15,222;205,1;39,62;26,02;68,76;13,18;33,85;252,4;100;81,48;30,835;59,01;166,85;276,3;488;40,98;41,04;493,6;31,04;206,1;248;169,92;32,05;49,78;119,9;93,84;31,92;26,65
20.09.2024;217,8;130,92;291,8;46,02;28,66;127,6;73,64;61,48;15,675;54,04;54,14;32,25;15,168;208,2;37,89;26,07;65;13,26;33,21;252,1;98,78;80,84;29,07;54,99;157,55;278,5;487,5;39,81;40,09;487,7;31,08;204,5;230,9;166,66;32,3;48,09;120,15;90,82;31,8;26,83
23.09.2024;218,5;132,94;294,9;45,15;28,585;128,4;75,44;61,64;14,785;55,16;54,54;32,46;15,194;211;37,73;26,24;66,58;13,375;33,16;252,2;97,94;81,78;29,025;56,09;155,55;280,2;488,9;40,59;40,14;488,8;31,94;206,85;231,9;167,5;33,23;48,07;120,6;92,76;32,07;27,68
24.09.2024;220,5;134,92;295,7;45,7;28,995;129,85;78,12;62,06;15,165;55,62;54,84;33,03;15,262;209,1;38,33;26,47;68,02;13,45;33,29;253,2;96,94;81,8;29,49;56,83;156;282,7;493,5;41,22;40,4;486,7;32,21;206,85;233,1;170,34;33,08;48,92;120,85;94,26;31,8;28,3
25.09.2024;222,5;133,42;294,1;45,33;28,71;131,95;75,66;61,38;15,29;55,34;54,28;32,69;15,218;210,3;38,49;26,48;68,14;13,405;33,3;252,5;98,3;82;29,46;55,88;155,05;282,5;492,9;40,8;39,82;492,2;32,08;201,8;229,6;172,54;33,67;51,06;123,45;93,12;31,75;28,21
26.09.2024;233,8;134,28;295,8;45,295;29,115;134,85;78,54;63,38;16,345;57,68;53,92;33,66;15,492;208,9;39,53;26,35;71,52;13,395;33,42;253,5;100,55;81,34;30,635;57,71;160;284,6;494,3;41,38;40,13;484,3;33,01;204,5;248,3;181,74;33,35;51,3;121,95;95,02;32,27;28,91
27.09.2024;240,3;133,86;296,5;48,28;30,385;134,85;81,14;67,78;16,47;59,8;54,92;34,42;15,554;210,2;40,2;26,24;74,72;13,47;33,6;254,7;98,9;83,22;32,695;59,49;160,55;281,1;495;42,29;41,01;482,3;33,22;205,7;253,3;182,86;32,9;53,92;123,25;97,12;33,02;29,7
30.09.2024;237,9;131,16;295;47,555;30,325;135,15;79,18;66,98;16,525;58,14;55,94;33,63;15,498;210,7;40,03;26,39;71,5;13,355;34,23;256,1;97,6;84,4;31,46;58,04;158;280;494,3;41,08;40,47;486,4;32,68;204,4;252,2;181,34;33,07;53,86;124,1;95,16;32,73;29,62
01.10.2024;232,8;128,76;293,5;46,91;30,445;134,55;77,74;67,28;16,27;57,04;58,06;33,15;15,346;210,4;39,14;26,51;71,78;13,35;34,29;253,3;97,18;81,96;30,605;57,5;156,4;286,1;486,6;40,74;40,69;511;32,31;204,3;246,9;179,86;33,95;53,18;122,8;93,3;33,56;29
