Datum;P;RI
1871/01;4,44;0,014201894
1871/02;4,5;0,014463115
1871/03;4,61;0,014886295
1871/04;4,74;0,015376047
1871/05;4,86;0,015835598
1871/06;4,82;0,015775862
1871/07;4,73;0,015552207
1871/08;4,79;0,015820726
1871/09;4,84;0,016057431
1871/10;4,59;0,015299901
1871/11;4,64;0,015538788
1871/12;4,74;0,015946235
1872/01;4,86;0,016423753
1872/02;4,88;0,016566447
1872/03;5,04;0,017185991
1872/04;5,18;0,017741041
1872/05;5,18;0,017820014
1872/06;5,13;0,017728276
1872/07;5,1;0,017706188
1872/08;5,04;0,017580827
1872/09;4,95;0,017351183
1872/10;4,97;0,017506964
1872/11;4,95;0,017523608
1872/12;5,07;0,018036926
1873/01;5,11;0,01826891
1873/02;5,15;0,018502783
1873/03;5,11;0,018451137
1873/04;5,04;0,01829166
1873/05;5,05;0,018422466
1873/06;4,98;0,018262865
1873/07;4,97;0,018323222
1873/08;4,97;0,018421536
1873/09;4,59;0,017112662
1873/10;4,19;0,015722335
1873/11;4,04;0,015261891
1873/12;4,42;0,016801302
1874/01;4,66;0,017818123
1874/02;4,8;0,018458581
1874/03;4,73;0,018295146
1874/04;4,6;0,017898687
1874/05;4,48;0,017538768
1874/06;4,46;0,017568129
1874/07;4,46;0,017676453
1874/08;4,47;0,017825078
1874/09;4,54;0,01821388
1874/10;4,53;0,018284088
1874/11;4,57;0,018556533
1874/12;4,54;0,018546381
1875/01;4,54;0,018657871
1875/02;4,53;0,018728077
1875/03;4,59;0,019087239
1875/04;4,65;0,019447637
1875/05;4,47;0,018805482
1875/06;4,38;0,018537283
1875/07;4,39;0,01868982
1875/08;4,41;0,018884949
1875/09;4,37;0,018823391
1875/10;4,3;0,018631352
1875/11;4,37;0,019043878
1875/12;4,37;0,019152825
1876/01;4,46;0,019656846
1876/02;4,52;0,020031472
1876/03;4,51;0,020097949
1876/04;4,34;0,019451784
1876/05;4,18;0,018846717
1876/06;4,15;0,018824173
1876/07;4,1;0,018710774
1876/08;3,93;0,018049052
1876/09;3,69;0,017061635
1876/10;3,67;0,017084754
1876/11;3,6;0,016875268
1876/12;3,58;0,016898706
1877/01;3,55;0,016871486
1877/02;3,34;0,01598502
1877/03;3,17;0,015280092
1877/04;2,94;0,014277205
1877/05;2,94;0,014380075
1877/06;2,73;0,013452789
1877/07;2,85;0,014140951
1877/08;3,05;0,015227033
1877/09;3,24;0,016266091
1877/10;3,31;0,016704665
1877/11;3,26;0,016536104
1877/12;3,25;0,016565693
1878/01;3,25;0,016646058
1878/02;3,18;0,016367898
1878/03;3,24;0,016757151
1878/04;3,33;0,017303094
1878/05;3,34;0,017435509
1878/06;3,41;0,017881402
1878/07;3,48;0,018328961
1878/08;3,45;0,018251406
1878/09;3,52;0,01870218
1878/10;3,48;0,018570105
1878/11;3,47;0,018597142
1878/12;3,45;0,018570345
1879/01;3,58;0,0193516
1879/02;3,71;0,02013688
1879/03;3,65;0,019894894
1879/04;3,77;0,020633776
1879/05;3,94;0,021650094
1879/06;3,96;0,021846996
1879/07;4,04;0,022376483
1879/08;4,07;0,022631864
1879/09;4,22;0,023556323
1879/10;4,68;0,026215573
1879/11;4,93;0,027708545
1879/12;4,92;0,027746014
1880/01;5,11;0,028913847
1880/02;5,2;0,029522113
1880/03;5,3;0,030191564
1880/04;5,18;0,029612418
1880/05;4,77;0,027375766
1880/06;4,79;0,027600549
1880/07;5,01;0,028981057
1880/08;5,19;0,030137985
1880/09;5,18;0,030198474
1880/10;5,33;0,031194402
1880/11;5,61;0,0329575
1880/12;5,84;0,034435986
1881/01;6,19;0,036630003
1881/02;6,17;0,036644797
1881/03;6,24;0,037196646
1881/04;6,22;0,037216516
1881/05;6,5;0,039033963
1881/06;6,58;0,039659507
1881/07;6,35;0,038421403
1881/08;6,2;0,037665076
1881/09;6,25;0,038123233
1881/10;6,15;0,037670838
1881/11;6,19;0,038076641
1881/12;6,01;0,03713344
1882/01;5,92;0,036742128
1882/02;5,79;0,036100796
1882/03;5,78;0,036204713
1882/04;5,78;0,036371747
1882/05;5,71;0,036099064
1882/06;5,68;0,03607799
1882/07;6;0,038279933
1882/08;6,18;0,039598464
1882/09;6,24;0,040153783
1882/10;6,07;0,039231447
1882/11;5,81;0,037723374
1882/12;5,84;0,038091301
1883/01;5,81;0,038069994
1883/02;5,68;0,037393831
1883/03;5,75;0,0380316
1883/04;5,87;0,039003501
1883/05;5,77;0,038518559
1883/06;5,82;0,039033141
1883/07;5,73;0,038611624
1883/08;5,47;0,037043069
1883/09;5,53;0,037634211
1883/10;5,38;0,036799578
1883/11;5,46;0,03753443
1883/12;5,34;0,036898544
1884/01;5,18;0,035982012
1884/02;5,32;0,037143612
1884/03;5,3;0,037193067
1884/04;5,06;0,035697918
1884/05;4,65;0,032994529
1884/06;4,46;0,031835582
1884/07;4,46;0,032024918
1884/08;4,74;0,034224955
1884/09;4,59;0,033331424
1884/10;4,44;0,032431754
1884/11;4,35;0,031964087
1884/12;4,34;0,032080431
1885/01;4,24;0,031528633
1885/02;4,37;0,032680159
1885/03;4,38;0,032937226
1885/04;4,37;0,03304169
1885/05;4,32;0,032840567
1885/06;4,3;0,032862739
1885/07;4,46;0,034256985
1885/08;4,71;0,036345752
1885/09;4,65;0,036048337
1885/10;4,92;0,038304072
1885/11;5,24;0,040954864
1885/12;5,2;0,040798548
1886/01;5,2;0,040954354
1886/02;5,3;0,041897288
1886/03;5,19;0,041182531
1886/04;5,12;0,040781352
1886/05;5,02;0,040138634
1886/06;5,25;0,042130907
1886/07;5,33;0,042925576
1886/08;5,37;0,043399865
1886/09;5,51;0,044682868
1886/10;5,65;0,045969089
1886/11;5,79;0,047258461
1886/12;5,64;0,046183786
1887/01;5,58;0,0458443
1887/02;5,54;0,045669714
1887/03;5,67;0,046897671
1887/04;5,8;0,048131458
1887/05;5,9;0,049122094
1887/06;5,73;0,047869758
1887/07;5,59;0,04686551
1887/08;5,45;0,045859453
1887/09;5,38;0,045440477
1887/10;5,2;0,044092606
1887/11;5,3;0,045115428
1887/12;5,27;0,045037398
1888/01;5,31;0,045556068
1888/02;5,28;0,045475066
1888/03;5,08;0,043928368
1888/04;5,1;0,044276639
1888/05;5,17;0,045059221
1888/06;5,01;0,043839049
1888/07;5,14;0,045150355
1888/08;5,25;0,046289875
1888/09;5,38;0,047608769
1888/10;5,35;0,047515336
1888/11;5,24;0,046709869
1888/12;5,14;0,045989313
1889/01;5,24;0,047054941
1889/02;5,3;0,047764582
1889/03;5,19;0,046944097
1889/04;5,18;0,047024523
1889/05;5,32;0,048466276
1889/06;5,41;0,04945701
1889/07;5,3;0,048622214
1889/08;5,37;0,049435107
1889/09;5,5;0,050802551
1889/10;5,4;0,050049518
1889/11;5,35;0,049756636
1889/12;5,32;0,049648132
1890/01;5,38;0,050379167
1890/02;5,32;0,049988994
1890/03;5,28;0,049785405
1890/04;5,39;0,050995466
1890/05;5,62;0,053344979
1890/06;5,58;0,05313932
1890/07;5,54;0,052932984
1890/08;5,41;0,051866044
1890/09;5,32;0,05117897
1890/10;5,08;0,049046513
1890/11;4,71;0,045651233
1890/12;4,6;0,044762762
1891/01;4,84;0,047276613
1891/02;4,9;0,048041765
1891/03;4,81;0,047339113
1891/04;4,97;0,049094236
1891/05;4,95;0,049077773
1891/06;4,85;0,048268072
1891/07;4,77;0,047654354
1891/08;4,93;0,049435981
1891/09;5,33;0,053630853
1891/10;5,33;0,053815325
1891/11;5,25;0,053192696
1891/12;5,41;0,054999559
1892/01;5,51;0,056204008
1892/02;5,52;0,056495824
1892/03;5,58;0,05730181
1892/04;5,57;0,05739312
1892/05;5,57;0,057589153
1892/06;5,54;0,057477146
1892/07;5,54;0,057677468
1892/08;5,62;0,058712765
1892/09;5,48;0,057454759
1892/10;5,59;0,058814853
1892/11;5,57;0,058813363
1892/12;5,51;0,058391005
1893/01;5,61;0,059663385
1893/02;5,51;0,058814077
1893/03;5,31;0,056894969
1893/04;5,31;0,05711221
1893/05;4,84;0,052275956
1893/06;4,61;0,050012285
1893/07;4,18;0,045569581
1893/08;4,08;0,044703523
1893/09;4,37;0,048106962
1893/10;4,5;0,049765845
1893/11;4,57;0,050769641
1893/12;4,41;0,049223592
1894/01;4,32;0,048448497
1894/02;4,38;0,049348776
1894/03;4,51;0,051038802
1894/04;4,57;0,051941035
1894/05;4,4;0,050229841
1894/06;4,34;0,049763693
1894/07;4,25;0,048948344
1894/08;4,41;0,051005422
1894/09;4,48;0,052027073
1894/10;4,34;0,050610942
1894/11;4,34;0,050818225
1894/12;4,3;0,050554766
1895/01;4,25;0,050171001
1895/02;4,19;0,049666044
1895/03;4,19;0,049868541
1895/04;4,37;0,052212502
1895/05;4,61;0,055280832
1895/06;4,7;0,056559926
1895/07;4,72;0,056999469
1895/08;4,79;0,058042748
1895/09;4,82;0,058603182
1895/10;4,75;0,057947949
1895/11;4,59;0,056190906
1895/12;4,32;0,053079391
1896/01;4,27;0,052658769
1896/02;4,45;0,055072091
1896/03;4,38;0,054399159
1896/04;4,42;0,055089188
1896/05;4,4;0,055032894
1896/06;4,32;0,05422512
1896/07;4,04;0,050903204
1896/08;3,81;0,048197711
1896/09;4,01;0,050920165
1896/10;4,1;0,052255285
1896/11;4,38;0,056015966
1896/12;4,22;0,054161556
1897/01;4,22;0,054354073
1897/02;4,18;0,054032071
1897/03;4,19;0,054355229
1897/04;4,06;0,052863379
1897/05;4,08;0,053319098
1897/06;4,27;0,055998121
1897/07;4,46;0,058686555
1897/08;4,75;0,062699874
1897/09;4,98;0,065933867
1897/10;4,82;0,064014106
1897/11;4,65;0,061955561
1897/12;4,75;0,063487795
1898/01;4,88;0,065427737
1898/02;4,87;0,065498461
1898/03;4,65;0,062746943
1898/04;4,57;0,061877369
1898/05;4,87;0,066151805
1898/06;5,06;0,068947748
1898/07;5,08;0,069437945
1898/08;5,27;0,072255217
1898/09;5,26;0,072340908
1898/10;5,15;0,071053511
1898/11;5,32;0,073626958
1898/12;5,65;0,078424705
1899/01;6,08;0,084625578
1899/02;6,31;0,088060824
1899/03;6,4;0,089552345
1899/04;6,48;0,090908807
1899/05;6,21;0,087359669
1899/06;6,07;0,085630529
1899/07;6,28;0,088834973
1899/08;6,44;0,091341944
1899/09;6,37;0,090594354
1899/10;6,34;0,090414563
1899/11;6,46;0,092374496
1899/12;6,02;0,086332976
1900/01;6,1;0,087740189
1900/02;6,21;0,089592082
1900/03;6,26;0,09059296
1900/04;6,34;0,092040132
1900/05;6,04;0,087984341
1900/06;5,86;0,085671839
1900/07;5,86;0,085991646
1900/08;5,94;0,087495766
1900/09;5,8;0,085774206
1900/10;6,01;0,089231055
1900/11;6,48;0,096571088
1900/12;6,87;0,102755811
1901/01;7,07;0,106123295
1901/02;7,25;0,109204548
1901/03;7,51;0,113503692
1901/04;8,14;0,123411587
1901/05;7,73;0,117585039
1901/06;8,5;0,129690873
1901/07;7,93;0,121390275
1901/08;8,04;0,123473785
1901/09;8;0,12326262
1901/10;7,91;0,122282554
1901/11;8,08;0,12532068
1901/12;7,95;0,123717981
1902/01;8,12;0,126779548
1902/02;8,19;0,12829104
1902/03;8,2;0,128868663
1902/04;8,48;0,133692463
1902/05;8,46;0,133803085
1902/06;8,41;0,133440636
1902/07;8,6;0,136886133
1902/08;8,83;0,140980382
1902/09;8,85;0,141735444
1902/10;8,57;0,137689311
1902/11;8,24;0,132828144
1902/12;8,05;0,130208657
1903/01;8,46;0,137287506
1903/02;8,41;0,136926842
1903/03;8,08;0,132008493
1903/04;7,75;0,127075465
1903/05;7,6;0,125078194
1903/06;7,18;0,118632279
1903/07;6,85;0,113650301
1903/08;6,63;0,110474868
1903/09;6,47;0,108287865
1903/10;6,26;0,10525667
1903/11;6,28;0,106080984
1903/12;6,57;0,111472308
1904/01;6,68;0,113828864
1904/02;6,5;0,111249112
1904/03;6,48;0,111391739
1904/04;6,64;0,114624478
1904/05;6,5;0,112687169
1904/06;6,51;0,113337287
1904/07;6,78;0,118511892
1904/08;7,01;0,123003137
1904/09;7,32;0,128910563
1904/10;7,75;0,136947954
1904/11;8,17;0,144831003
1904/12;8,25;0,146707128
1905/01;8,43;0,150369916
1905/02;8,8;0,157435489
1905/03;9,05;0,162377711
1905/04;8,94;0,160877586
1905/05;8,5;0,153436998
1905/06;8,6;0,15572351
1905/07;8,87;0,161097933
1905/08;9,2;0,167580747
1905/09;9,23;0,168620537
1905/10;9,36;0,171492841
1905/11;9,31;0,171078003
1905/12;9,54;0,175809752
1906/01;9,87;0,182406918
1906/02;9,8;0,181639497
1906/03;9,56;0,177727915
1906/04;9,43;0,175858456
1906/05;9,18;0,171754471
1906/06;9,3;0,174568712
1906/07;9,06;0,170643732
1906/08;9,73;0,183854338
1906/09;10,03;0,19012532
1906/10;9,73;0,185051994
1906/11;9,93;0,1894805
1906/12;9,84;0,188399208
1907/01;9,56;0,183681729
1907/02;9,26;0,178568838
1907/03;8,35;0,161679362
1907/04;8,39;0,163120761
1907/05;8,1;0,158157632
1907/06;7,84;0,153764365
1907/07;8,14;0,160340047
1907/08;7,53;0,149024813
1907/09;7,45;0,148150719
1907/10;6,64;0,132761107
1907/11;6,25;0,125691012
1907/12;6,57;0,132863779
1908/01;6,85;0,139262103
1908/02;6,6;0,134913636
1908/03;6,87;0,141165316
1908/04;7,24;0,149498761
1908/05;7,63;0,158280265
1908/06;7,64;0,159213765
1908/07;7,92;0,165772476
1908/08;8,26;0,173609866
1908/09;8,17;0,172436353
1908/10;8,27;0,175262276
1908/11;8,83;0,187842342
1908/12;9,03;0,192806088
1909/01;9,06;0,194164236
1909/02;8,8;0,189318524
1909/03;8,92;0,192635183
1909/04;9,32;0,20201733
1909/05;9,63;0,209489479
1909/06;9,8;0,213949016
1909/07;9,94;0,217775538
1909/08;10,18;0,223812748
1909/09;10,19;0,224820418
1909/10;10,23;0,226499584
1909/11;10,18;0,226198286
1909/12;10,3;0,229679399
1910/01;10,08;0,2255959
1910/02;9,72;0,218368849
1910/03;9,96;0,224598464
1910/04;9,72;0,22003208
1910/05;9,56;0,217263758
1910/06;9,1;0,207671351
1910/07;8,64;0,19804373
1910/08;8,85;0,203735959
1910/09;8,91;0,206004488
1910/10;9,32;0,216379854
1910/11;9,31;0,217052172
1910/12;9,05;0,211903691
1911/01;9,27;0,21797202
1911/02;9,43;0,222655166
1911/03;9,32;0,220982694
1911/04;9,28;0,220962935
1911/05;9,48;0,226657652
1911/06;9,67;0,232136805
1911/07;9,63;0,232116801
1911/08;9,17;0,22197324
1911/09;8,67;0,210818096
1911/10;8,72;0,212986256
1911/11;9,07;0,222491664
1911/12;9,11;0,224433662
1912/01;9,12;0,225646573
1912/02;9,04;0,224639781
1912/03;9,3;0,23207911
1912/04;9,59;0,240300243
1912/05;9,58;0,241039853
1912/06;9,58;0,242035799
1912/07;9,59;0,243290191
1912/08;9,81;0,249879194
1912/09;9,86;0,252166358
1912/10;9,84;0,252674228
1912/11;9,73;0,250875037
1912/12;9,38;0,242882102
1913/01;9,3;0,241846357
1913/02;8,97;0,234304911
1913/03;8,8;0,230909188
1913/04;8,79;0,231696378
1913/05;8,55;0,226424561
1913/06;8,12;0,216096423
1913/07;8,23;0,220088352
1913/08;8,45;0,227041326
1913/09;8,53;0,230265581
1913/10;8,26;0,224056779
1913/11;8,05;0,219445441
1913/12;8,04;0,22026325
1914/01;8,37;0,230388328
1914/02;8,48;0,234494213
1914/03;8,32;0,231141333
1914/04;8,12;0,226650005
1914/05;8,17;0,229103984
1914/06;8,13;0,229033879
1914/07;7,68;0,217401418
1914/08;7,68;0,218439359
1914/09;7,68;0,219470404
1914/10;7,68;0,220494409
1914/11;7,68;0,221511229
1914/12;7,35;0,213002659
1915/01;7,48;0,217786284
1915/02;7,38;0,215897881
1915/03;7,57;0,222486228
1915/04;8,14;0,240275574
1915/05;7,95;0,235710633
1915/06;8,04;0,239429129
1915/07;8,01;0,239592421
1915/08;8,35;0,250825996
1915/09;8,66;0,261208239
1915/10;9,14;0,276762848
1915/11;9,46;0,287535605
1915/12;9,48;0,289232653
1916/01;9,33;0,285776912
1916/02;9,2;0,282947986
1916/03;9,17;0,283210687
1916/04;9,07;0,281340375
1916/05;9,27;0,288795739
1916/06;9,36;0,292884676
1916/07;9,23;0,290135753
1916/08;9,3;0,293689628
1916/09;9,68;0,307078033
1916/10;9,98;0,318017952
1916/11;10,21;0,326805402
1916/12;9,8;0,315175696
1917/01;9,57;0,309308497
1917/02;9,03;0,293422096
1917/03;9,31;0,304124853
1917/04;9,17;0,301193854
1917/05;8,86;0,292692874
1917/06;9,04;0,300359819
1917/07;8,79;0,293813814
1917/08;8,53;0,286924454
1917/09;8,12;0,274976276
1917/10;7,68;0,26196203
1917/11;7,04;0,242062467
1917/12;6,8;0,23578741
1918/01;7,21;0,251968899
1918/02;7,43;0,261608486
1918/03;7,28;0,258263559
1918/04;7,21;0,257701859
1918/05;7,44;0,267828839
1918/06;7,45;0,270078746
1918/07;7,51;0,274126906
1918/08;7,58;0,278537514
1918/09;7,54;0,278904978
1918/10;7,86;0,292560471
1918/11;8,06;0,301803794
1918/12;7,9;0,297591272
1919/01;7,85;0,297486738
1919/02;7,88;0,300402551
1919/03;8,12;0,311330901
1919/04;8,39;0,323461751
1919/05;8,97;0,34760026
1919/06;9,21;0,358676709
1919/07;9,51;0,372134225
1919/08;8,87;0,34886214
1919/09;9,01;0,356138295
1919/10;9,47;0,376088562
1919/11;9,19;0,366733673
1919/12;8,92;0,357721629
1920/01;8,83;0,355877879
1920/02;8,1;0,328225469
1920/03;8,67;0,353095639
1920/04;8,6;0,352020809
1920/05;8,06;0,331696724
1920/06;7,92;0,327718558
1920/07;7,91;0,329091983
1920/08;7,6;0,317985995
1920/09;7,87;0,33107851
1920/10;7,88;0,333298672
1920/11;7,48;0,318183563
1920/12;6,81;0,291491025
1921/01;7,11;0,306136201
1921/02;7,06;0,305783492
1921/03;6,88;0,29978296
1921/04;6,91;0,302881371
1921/05;7,12;0,313873057
1921/06;6,55;0,290527279
1921/07;6,53;0,291417342
1921/08;6,45;0,289619971
1921/09;6,61;0,298572371
1921/10;6,7;0,304400405
1921/11;7,06;0,322513743
1921/12;7,31;0,335685338
1922/01;7,3;0,337002517
1922/02;7,46;0,346190452
1922/03;7,74;0,361011441
1922/04;8,21;0,384786189
1922/05;8,53;0,40166179
1922/06;8,45;0,399797885
1922/07;8,51;0,404565494
1922/08;8,83;0,421732588
1922/09;9,06;0,434697801
1922/10;9,26;0,446299738
1922/11;8,8;0,426160824
1922/12;8,78;0,427250439
1923/01;8,9;0,435164873
1923/02;9,28;0,455836427
1923/03;9,43;0,465312552
1923/04;9,1;0,451153744
1923/05;8,67;0,431976818
1923/06;8,34;0,417693847
1923/07;8,06;0,40584792
1923/08;8,1;0,410057878
1923/09;8,15;0,414803919
1923/10;8,03;0,410930295
1923/11;8,27;0,425465099
1923/12;8,55;0,442142439
1924/01;8,83;0,458913255
1924/02;8,87;0,463301862
1924/03;8,7;0,456751042
1924/04;8,5;0,448599086
1924/05;8,47;0,449383255
1924/06;8,63;0,460259709
1924/07;9,03;0,484000239
1924/08;9,34;0,503042673
1924/09;9,25;0,500641462
1924/10;9,13;0,496612425
1924/11;9,64;0,526838426
1924/12;10,16;0,557761947
1925/01;10,58;0,5833544
1925/02;10,67;0,590882043
1925/03;10,39;0,577972073
1925/04;10,28;0,574480043
1925/05;10,61;0,595579704
1925/06;10,8;0,608934872
1925/07;11,1;0,628571142
1925/08;11,25;0,639817941
1925/09;11,51;0,657389238
1925/10;11,89;0,681909019
1925/11;12,26;0,705976564
1925/12;12,46;0,720372498
1926/01;12,65;0,734284186
1926/02;12,67;0,738419976
1926/03;11,81;0,691321662
1926/04;11,48;0,675077651
1926/05;11,56;0,682906023
1926/06;12,11;0,718572504
1926/07;12,62;0,75206089
1926/08;13,12;0,785134883
1926/09;13,32;0,800432147
1926/10;13,02;0,785784599
1926/11;13,19;0,799476987
1926/12;13,49;0,821145904
1927/01;13,4;0,819201592
1927/02;13,66;0,838679536
1927/03;13,87;0,855205494
1927/04;14,21;0,879851998
1927/05;14,7;0,913923818
1927/06;14,89;0,92951855
1927/07;15,22;0,953951445
1927/08;16,03;1,008602563
1927/09;16,94;1,069791957
1927/10;16,68;1,057354731
1927/11;17,06;1,085475317
1927/12;17,46;1,115008814
1928/01;17,53;1,123612454
1928/02;17,32;1,114336082
1928/03;18,25;1,178406117
1928/04;19,4;1,256948768
1928/05;20;1,300160702
1928/06;19,02;1,24084087
1928/07;19,16;1,254414333
1928/08;19,78;1,299497849
1928/09;21,17;1,395361547
1928/10;21,6;1,428299528
1928/11;23,06;1,529488929
1928/12;23,15;1,54015644
1929/01;24,86;1,658689718
1929/02;24,99;1,672200766
1929/03;25,43;1,706550362
1929/04;25,28;1,701461357
1929/05;25,66;1,732084969
1929/06;26,15;1,77027949
1929/07;28,48;1,933203874
1929/08;30,1;2,04842907
1929/09;31,3;2,135424922
1929/10;27,99;1,915003133
1929/11;20,58;1,413503563
1929/12;21,4;1,475375823
1930/01;22,79;1,576783781
1930/02;23,28;1,616288131
1930/03;25,1;1,748274002
1930/04;24,9;1,739992918
1930/05;24,49;1,717015461
1930/06;20,18;1,420534076
1930/07;21,21;1,498763173
1930/08;21,37;1,515820643
1930/09;18,59;1,324407206
1930/10;16,94;1,212664355
1930/11;16,38;1,178417683
1930/12;15,34;1,109472814
1931/01;16,19;1,17677589
1931/02;18,03;1,316291188
1931/03;16,69;1,22418244
1931/04;15,09;1,112489545
1931/05;13,02;0,965492618
1931/06;14,83;1,105273999
1931/07;13,73;1,028798553
1931/08;13,98;1,052984311
1931/09;9,71;0,736762628
1931/10;10,43;0,796747575
1931/11;9,34;0,718787136
1931/12;8,12;0,630157245
1932/01;7,94;0,621318617
1932/02;8,32;0,656053901
1932/03;7,31;0,581275321
1932/04;5,83;0,468315608
1932/05;4,47;0,363665545
1932/06;4,43;0,3648859
1932/07;6,03;0,501020051
1932/08;8,39;0,701308287
1932/09;8,08;0,679435939
1932/10;6,98;0,590815657
1932/11;6,55;0,558133874
1932/12;6,92;0,593212517
1933/01;6,94;0,598463133
1933/02;5,66;0,491604983
1933/03;5,85;0,511618054
1933/04;7,83;0,68827933
1933/05;9,64;0,85086298
1933/06;10,91;0,966414998
1933/07;9,95;0,884810065
1933/08;11,09;0,989594104
1933/09;9,72;0,870728296
1933/10;8,96;0,806005951
1933/11;9,88;0,89210136
1933/12;9,97;0,903538557
1934/01;11,17;1,015618422
1934/02;10,76;0,981686431
1934/03;10,62;0,972277843
1934/04;10,59;0,972913363
1934/05;9,61;0,886280588
1934/06;9,81;0,908145558
1934/07;8,68;0,806976661
1934/08;9,15;0,854133198
1934/09;9,08;0,851079944
1934/10;8,81;0,829274145
1934/11;9,54;0,901511673
1934/12;9,47;0,898440485
1935/01;9,1;0,866895452
1935/02;8,74;0,836173059
1935/03;8,45;0,812015885
1935/04;9,28;0,895352955
1935/05;9,58;0,927862026
1935/06;10,24;0,995337031
1935/07;11,08;1,080549804
1935/08;11,24;1,099729238
1935/09;11,58;1,136582561
1935/10;12,46;1,226635626
1935/11;12,94;1,277663406
1935/12;13,43;1,329912006
1936/01;14,31;1,421015434
1936/02;14,6;1,453867934
1936/03;14,92;1,489882699
1936/04;13,77;1,379345344
1936/05;14,4;1,446904659
1936/06;14,84;1,495720945
1936/07;15,85;1,602306181
1936/08;15,95;1,617385718
1936/09;16,01;1,628624606
1936/10;17,23;1,758211541
1936/11;17,33;1,774226717
1936/12;17,18;1,765012614
1937/01;17,77;1,831876935
1937/02;18,06;1,868129612
1937/03;17,92;1,860112998
1937/04;16,43;1,712196646
1937/05;16,26;1,701514957
1937/06;15,4;1,618846026
1937/07;16,77;1,770014245
1937/08;16,04;1,699943115
1937/09;13,76;1,465105795
1937/10;12,35;1,321895962
1937/11;11,11;1,19621773
1937/12;10,55;1,143100351
1938/01;10,6;1,155681073
1938/02;11,44;1,254410643
1938/03;8,5;0,939163213
1938/04;9,78;1,087649217
1938/05;9,27;1,037912926
1938/06;11,56;1,301216618
1938/07;12,33;1,394580534
1938/08;12,06;1,370514377
1938/09;12,24;1,397220089
1938/10;13,14;1,505759585
1938/11;12,73;1,464123919
1938/12;13,14;1,516167601
1939/01;12,3;1,424179584
1939/02;12,7;1,475479642
1939/03;10,98;1,280685348
1939/04;10,93;1,279940158
1939/05;11,6;1,363538977
1939/06;10,86;1,281746229
1939/07;12,08;1,43104724
1939/08;11,18;1,32985909
1939/09;12,79;1,526919307
1939/10;12,83;1,53746488
1939/11;12,2;1,467961401
1939/12;12,46;1,505462601
1940/01;12,05;1,462201021
1940/02;12,13;1,478245461
1940/03;12,18;1,490736818
1940/04;12,19;1,498454329
1940/05;9,27;1,146103805
1940/06;9,98;1,240582158
1940/07;10,29;1,285919624
1940/08;10,5;1,319070826
1940/09;10,66;1,346185059
1940/10;11,08;1,40627509
1940/11;10,57;1,348632195
1940/12;10,58;1,357031907
1941/01;10,07;1,298814351
1941/02;9,92;1,286740526
1941/03;9,94;1,296685093
1941/04;9,31;1,221929295
1941/05;9,38;1,238627104
1941/06;9,87;1,310924368
1941/07;10,39;1,38766428
1941/08;10,28;1,380726704
1941/09;10,2;1,377816612
1941/10;9,5;1,291177759
1941/11;9,12;1,247534444
1941/12;8,69;1,19680776
1942/01;8,85;1,226915406
1942/02;8,59;1,198918941
1942/03;8,01;1,125992847
1942/04;7,66;1,084757986
1942/05;8,15;1,162055254
1942/06;8,3;1,191284864
1942/07;8,56;1,236336806
1942/08;8,62;1,252625507
1942/09;8,85;1,293556232
1942/10;9,36;1,375530182
1942/11;9,32;1,376999765
1942/12;9,77;1,450750021
1943/01;10,44;1,55753928
1943/02;10,97;1,643944915
1943/03;11,58;1,742726473
1943/04;11,59;1,751630732
1943/05;12,05;1,828582585
1943/06;12,35;1,881568484
1943/07;11,85;1,812924664
1943/08;11,8;1,812882171
1943/09;12,08;1,863581418
1943/10;11,91;1,845111868
1943/11;11,02;1,715064105
1943/12;11,67;1,824136165
1944/01;11,83;1,85713491
1944/02;11,82;1,863632358
1944/03;12,02;1,903312065
1944/04;11,87;1,887785412
1944/05;12,35;1,972429169
1944/06;12,98;2,081431834
1944/07;12,71;2,046598759
1944/08;12,82;2,072854413
1944/09;12,74;2,068542703
1944/10;12,78;2,083696862
1944/11;12,83;2,100544698
1944/12;13,28;2,182951102
1945/01;13,47;2,222995611
1945/02;14,3;2,368866523
1945/03;13,61;2,263537551
1945/04;14,82;2,473786539
1945/05;15,01;2,514543368
1945/06;14,87;2,500164179
1945/07;14,66;2,474009875
1945/08;15,51;2,626690078
1945/09;16,05;2,727456074
1945/10;16,65;2,838763471
1945/11;17,19;2,940208773
1945/12;17,36;2,978693181
1946/01;18,57;3,195841901
1946/02;17,28;2,98349328
1946/03;18,04;3,124495566
1946/04;18,76;3,259012836
1946/05;19,18;3,341820021
1946/06;18,43;3,221017351
1946/07;17,96;3,148827486
1946/08;16,65;2,929184891
1946/09;14,96;2,64198403
1946/10;14,84;2,631044447
1946/11;14,68;2,613068791
1946/12;15,3;2,733961789
1947/01;15,66;2,808912443
1947/02;15,43;2,77836996
1947/03;15,24;2,754961788
1947/04;14,58;2,646699578
1947/05;14,45;2,634395919
1947/06;15,21;2,784498755
1947/07;15,76;2,89693441
1947/08;15,32;2,828003547
1947/09;15,11;2,801391024
1947/10;15,43;2,873181953
1947/11;14,98;2,802164471
1947/12;15,3;2,875118019
1948/01;14,68;2,771816297
1948/02;13,93;2,643526439
1948/03;15,08;2,87520664
1948/04;15,48;2,964977404
1948/05;16,69;3,210303108
1948/06;16,74;3,233545266
1948/07;15,85;3,075420058
1948/08;15,97;3,112663572
1948/09;15,49;3,033239001
1948/10;16,5;3,245539622
1948/11;14,75;2,916232091
1948/12;15,2;3,020524459
1949/01;15,23;3,042162725
1949/02;14,54;2,920371898
1949/03;15,06;3,041217181
1949/04;14,71;2,987254306
1949/05;14,19;2,898690475
1949/06;14,16;2,909925709
1949/07;15,04;3,10835055
1949/08;15,22;3,163348273
1949/09;15,58;3,256184161
1949/10;16,09;3,381466613
1949/11;16,06;3,394543264
1949/12;16,79;3,568920486
1950/01;17,05;3,644557227
1950/02;17,22;3,701559099
1950/03;17,29;3,737564393
1950/04;17,96;3,903654347
1950/05;18,78;4,103437696
1950/06;17,69;3,88712229
1950/07;17,84;3,942849612
1950/08;18,42;4,094733859
1950/09;19,45;4,348339119
1950/10;19,53;4,391872253
1950/11;19,51;4,414047685
1950/12;20,43;4,649908511
1951/01;21,66;4,95805637
1951/02;21,8;5,018779398
1951/03;21,48;4,974270345
1951/04;22,43;5,223858644
1951/05;21,52;5,041941008
1951/06;20,96;4,941195904
1951/07;22,4;5,311052237
1951/08;23,28;5,549996832
1951/09;23,26;5,575426371
1951/10;22,94;5,528351851
1951/11;22,88;5,54294531
1951/12;23,73;5,777333404
1952/01;24,14;5,905826728
1952/02;23,26;5,719417854
1952/03;24,36;6,018994699
1952/04;23,32;5,79147044
1952/05;23,86;5,955379981
1952/06;24,96;6,260096091
1952/07;25,4;6,400755969
1952/08;25,03;6,337966401
1952/09;24,54;6,244487938
1952/10;24,52;6,269863486
1952/11;25,66;6,591695383
1952/12;26,57;6,855645773
1953/01;26,38;6,836939174
1953/02;25,9;6,742989574
1953/03;25,29;6,614768633
1953/04;24,62;6,470331145
1953/05;24,54;6,48033252
1953/06;24,14;6,405952175
1953/07;24,75;6,59922759
1953/08;23,32;6,249490747
1953/09;23,35;6,289242368
1953/10;24,54;6,641861917
1953/11;24,76;6,733884453
1953/12;24,81;6,780345355
1954/01;26,08;7,160599248
1954/02;26,15;7,213299986
1954/03;26,94;7,465006917
1954/04;28,26;7,864566055
1954/05;29,19;8,157160518
1954/06;29,21;8,196516466
1954/07;30,88;8,699191947
1954/08;29,83;8,437749724
1954/09;32,31;9,173896009
1954/10;31,68;9,030351699
1954/11;34,24;9,796104192
1954/12;35,98;10,33063655
1955/01;36,63;10,55427249
1955/02;36,76;10,62902663
1955/03;36,58;10,61456931
1955/04;37,96;11,05281275
1955/05;37,91;11,07626819
1955/06;41,03;12,02607304
1955/07;43,52;12,79465796
1955/08;43,18;12,7339806
1955/09;43,67;12,91829598
1955/10;42,34;12,56495997
1955/11;45,51;13,54609248
1955/12;45,48;13,57784191
1956/01;43,82;13,12380421
1956/02;45,34;13,62146254
1956/03;48,48;14,60812229
1956/04;48,38;14,62201653
1956/05;45,2;13,70566395
1956/06;46,97;14,28785145
1956/07;49,39;15,06996023
1956/08;47,51;14,54277784
1956/09;45,35;13,92853858
1956/10;45,58;14,04542031
1956/11;45,08;13,93688338
1956/12;46,67;14,47327408
1957/01;44,72;13,91342244
1957/02;43,26;13,50412271
1957/03;44,11;13,81446364
1957/04;45,74;14,37010093
1957/05;47,43;14,94633967
1957/06;47,37;14,97286262
1957/07;47,91;15,18937964
1957/08;45,22;14,3827774
1957/09;42,42;13,53885208
1957/10;41,06;13,15186816
1957/11;41,72;13,41078422
1957/12;39,99;12,9026295
1958/01;41,7;13,50230359
1958/02;40,84;13,27177874
1958/03;42,1;13,72917415
1958/04;43,44;14,21389852
1958/05;44,09;14,47411937
1958/06;45,24;14,89897586
1958/07;47,19;15,58865178
1958/08;47,75;15,82126481
1958/09;50,06;16,63441708
1958/10;51,33;17,10451464
1958/11;52,48;17,53613539
1958/12;55,21;18,497092
1959/01;55,42;18,61649361
1959/02;55,41;18,66249542
1959/03;55,44;18,72227873
1959/04;57,59;19,49834009
1959/05;58,68;19,91769858
1959/06;58,47;19,89704997
1959/07;60,51;20,64220164
1959/08;59,6;20,38303216
1959/09;56,88;19,5043844
1959/10;57,52;19,77575498
1959/11;58,28;20,08928739
1959/12;59,89;20,69682632
1960/01;55,61;19,27149815
1960/02;56,12;19,50320346
1960/03;55,34;19,28831606
1960/04;54,37;19,00667464
1960/05;55,83;19,57377148
1960/06;56,92;20,0128929
1960/07;55,51;19,57427582
1960/08;56,96;20,14288544
1960/09;53,52;18,98385617
1960/10;53,39;18,99538411
1960/11;55,54;19,81813792
1960/12;58,11;20,79316604
1961/01;61,78;22,16442811
1961/02;63,44;22,81807573
1961/03;65,06;23,45890494
1961/04;65,31;23,60734099
1961/05;66,56;24,11761042
1961/06;64,64;23,48048905
1961/07;66,76;24,30950669
1961/08;68,07;24,84579331
1961/09;66,73;24,41630577
1961/10;68,62;25,16822407
1961/11;71,32;26,2196509
1961/12;71,55;26,36609174
1962/01;68,84;25,42969536
1962/02;69,96;25,90601977
1962/03;69,55;25,81714834
1962/04;65,24;24,28057546
1962/05;59,63;22,25636702
1962/06;54,75;20,49902349
1962/07;58,23;21,86645718
1962/08;59,12;22,26555007
1962/09;56,27;21,25747402
1962/10;56,52;21,41792413
1962/11;62,26;23,6597998
1962/12;63,1;24,04646614
1963/01;66,2;25,29568419
1963/02;64,29;24,63410301
1963/03;66,57;25,57638587
1963/04;69,8;26,88673125
1963/05;70,8;27,34201227
1963/06;69,37;26,8605663
1963/07;69,13;26,838732
1963/08;72,5;28,21847855
1963/09;71,7;27,97878366
1963/10;74,01;28,95281636
1963/11;73,23;28,72124697
1963/12;75,02;29,49781489
1964/01;77,04;30,36733167
1964/02;77,8;30,74289385
1964/03;78,98;31,28589976
1964/04;79,46;31,55350386
1964/05;80,37;31,99307053
1964/06;81,69;32,59747696
1964/07;83,18;33,27185248
1964/08;81,83;32,81252118
1964/09;84,18;33,83636701
1964/10;84,86;34,19209503
1964/11;84,42;34,09807953
1964/12;84,75;34,31551773
1965/01;87,56;35,53821202
1965/02;87,43;35,57113269
1965/03;86,16;35,14088595
1965/04;89,11;36,43141078
1965/05;88,42;36,2375542
1965/06;84,12;34,56440542
1965/07;85,25;35,11865592
1965/08;87,17;36,00034118
1965/09;89,96;37,2441295
1965/10;92,42;38,35505007
1965/11;91,61;38,11227032
1965/12;92,43;38,54771233
1966/01;92,88;38,83060964
1966/02;91,22;38,23276542
1966/03;89,23;37,49580043
1966/04;91,06;38,36272781
1966/05;86,13;36,38453398
1966/06;84,74;35,8969708
1966/07;83,6;35,51466001
1966/08;77,1;32,85495466
1966/09;76,56;32,72746948
1966/10;80,2;34,38619027
1966/11;80,45;34,59616148
1966/12;80,33;34,64740709
1967/01;86,61;37,45957059
1967/02;86,78;37,63725955
1967/03;90,2;39,22535702
1967/04;94,01;40,98730903
1967/05;89,08;38,94324811
1967/06;90,64;39,73088565
1967/07;94,75;41,63862676
1967/08;93,64;41,25751907
1967/09;96,71;42,71736436
1967/10;93,9;41,5836529
1967/11;94;41,73569821
1967/12;96,47;42,9404095
1968/01;92,24;41,16624846
1968/02;89,36;39,9902612
1968/03;90,2;40,4761918
1968/04;97,59;43,9031809
1968/05;98,68;44,50513712
1968/06;99,58;45,02341661
1968/07;97,74;44,30465041
1968/08;98,86;44,92628861
1968/09;102,67;46,7724655
1968/10;103,41;47,22511601
1968/11;108,37;49,60656728
1968/12;103,86;47,65921464
1969/01;103,01;47,3869462
1969/02;98,13;45,26049091
1969/03;101,51;46,93859906
1969/04;103,69;48,06647874
1969/05;103,46;48,08038553
1969/06;97,71;45,52943589
1969/07;91,83;42,91136014
1969/08;95,51;44,75339635
1969/09;93,12;43,75650754
1969/10;97,24;45,81594737
1969/11;93,81;44,32379859
1969/12;92,06;43,62137119
1970/01;85,02;40,41047192
1970/02;89,5;42,66526844
1970/03;89,63;42,85317041
1970/04;81,52;39,10211673
1970/05;76,55;36,84516985
1970/06;72,72;35,12925828
1970/07;78,05;37,83220036
1970/08;81,52;39,64288963
1970/09;84,21;41,08030099
1970/10;83,25;40,74098686
1970/11;87,2;42,80277728
1970/12;92;45,28733451
1971/01;95,84;47,30598463
1971/02;96,75;47,88348883
1971/03;100,31;49,77366996
1971/04;103,86;51,66363499
1971/05;99,63;49,68812565
1971/06;99,7;49,8518742
1971/07;95,6;47,93082989
1971/08;99,03;49,77976542
1971/09;98,34;49,56235909
1971/10;94,09;47,54989959
1971/11;93,99;47,62893338
1971/12;101,95;51,79226329
1972/01;103,94;52,93318326
1972/02;106,57;54,40284215
1972/03;107,2;54,85505057
1972/04;107,67;55,22646497
1972/05;109,35;56,21939923
1972/06;107,14;55,21471633
1972/07;107,39;55,4755411
1972/08;111,09;57,51933316
1972/09;110,55;57,37263099
1972/10;111,58;58,04138715
1972/11;116,67;60,82462503
1972/12;118,05;61,68092439
1973/01;116,03;60,76292405
1973/02;111,68;58,62295202
1973/03;111,52;58,67763108
1973/04;106,97;56,42331765
1973/05;104,95;55,49863572
1973/06;104,26;55,27565406
1973/07;108,22;57,51813131
1973/08;104,25;55,55219902
1973/09;108,43;57,92482411
1973/10;108,29;57,99723993
1973/11;95,96;51,54283686
1973/12;97,55;52,5481621
1974/01;96,57;52,17288221
1974/02;96,22;52,13776533
1974/03;93,98;51,07933221
1974/04;90,31;49,24135311
1974/05;87,28;47,7473734
1974/06;86;47,20669604
1974/07;79,31;43,69592673
1974/08;72,15;39,91456612
1974/09;63,54;35,31687649
1974/10;73,9;41,24162111
1974/11;69,97;39,21565996
1974/12;68,56;38,59354501
1975/01;76,98;43,50327
1975/02;81,59;46,28022826
1975/03;83,36;47,45770149
1975/04;87,3;49,87553028
1975/05;91,15;52,25107713
1975/06;95,19;54,74420541
1975/07;88,75;51,21833505
1975/08;86,88;50,31756565
1975/09;83,87;48,75334651
1975/10;89,04;51,9378831
1975/11;91,24;53,40053181
1975/12;90,19;52,96547706
1976/01;100,86;59,41185787
1976/02;99,71;58,91541748
1976/03;102,77;60,90516443
1976/04;101,64;60,4188738
1976/05;100,18;59,73609367
1976/06;104,28;62,36770969
1976/07;103,44;62,05421646
1976/08;102,91;61,92723648
1976/09;105,24;63,5224049
1976/10;102,9;62,30699819
1976/11;102,1;62,02358561
1976/12;107,46;65,48469609
1977/01;102,03;62,38376426
1977/02;99,82;61,243625
1977/03;98,42;60,59889606
1977/04;98,44;60,82910609
1977/05;96,12;59,61710335
1977/06;100,48;62,54668566
1977/07;98,85;61,76063323
1977/08;96,77;60,69293392
1977/09;96,53;60,77760423
1977/10;92,34;58,37856209
1977/11;94,83;60,19582349
1977/12;95,1;60,61424677
1978/01;89,25;57,13595622
1978/02;87,04;55,97492105
1978/03;89,21;57,6276732
1978/04;96,83;62,81038859
1978/05;97,24;63,33977244
1978/06;95,53;62,49244123
1978/07;100,68;66,13105593
1978/08;103,29;68,11819136
1978/09;102,54;67,89946222
1978/10;93,15;61,95956542
1978/11;94,7;63,27066762
1978/12;96,11;64,49499179
1979/01;99,93;67,34436109
1979/02;96,28;65,17416664
1979/03;101,59;69,06196228
1979/04;101,76;69,47475859
1979/05;99,08;67,94619841
1979/06;102,91;70,87786976
1979/07;103,81;71,80747287
1979/08;109,32;75,93319932
1979/09;109,32;76,2521345
1979/10;101,82;71,34377361
1979/11;106,16;74,71192855
1979/12;107,94;76,29599128
1980/01;114,16;81,02826533
1980/02;113,66;81,01347829
1980/03;102,09;73,11123098
1980/04;106,29;76,46796138
1980/05;111,24;80,38244678
1980/06;114,24;82,90794706
1980/07;121,67;88,66201611
1980/08;122,38;89,54537347
1980/09;125,46;92,1691256
1980/10;127,47;94,01921791
1980/11;140,52;104,0214062
1980/12;135,76;100,8777666
1981/01;129,55;96,64728081
1981/02;131,27;98,31837235
1981/03;136;102,2530047
1981/04;132,81;100,2503413
1981/05;132,59;100,4839223
1981/06;131,21;99,84164062
1981/07;130,92;100,0289138
1981/08;122,79;94,22959194
1981/09;116,18;89,57400497
1981/10;121,89;94,39763928
1981/11;126,35;98,27720039
1981/12;122,55;95,7512391
1982/01;120,4;94,50502755
1982/02;113,11;89,22051677
1982/03;111,96;88,75512816
1982/04;116,44;92,75251771
1982/05;111,88;89,57022375
1982/06;109,61;88,20721601
1982/07;107,09;86,63686107
1982/08;119,51;97,14567406
1982/09;120,42;98,34939385
1982/10;133,71;109,6702643
1982/11;138,54;114,1009924
1982/12;140,64;116,3020527
1983/01;145,3;120,6299799
1983/02;148,06;123,3985106
1983/03;152,96;127,9622664
1983/04;164,42;138,0318215
1983/05;162,39;136,8124368
1983/06;168,11;142,1187385
1983/07;162,56;137,9171435
1983/08;164,4;139,971704
1983/09;166,07;141,8902132
1983/10;163,55;140,2376611
1983/11;166,4;143,1858961
1983/12;164,93;142,42938
1984/01;163,41;141,6291341
1984/02;157,06;136,6419385
1984/03;159,18;139,0068839
1984/04;160,05;140,2922864
1984/05;150,56;132,5046014
1984/06;153,18;135,3465212
1984/07;150,66;133,6598682
1984/08;166,68;148,4160878
1984/09;166,1;148,4472527
1984/10;166,09;148,9916785
1984/11;163,58;147,2992368
1984/12;167,24;151,1600112
1985/01;179,63;162,929153
1985/02;181,19;164,9198242
1985/03;180,66;165,0184296
1985/04;179,83;164,8453876
1985/05;189,57;174,3630041
1985/06;191,85;177,0533654
1985/07;190,92;176,7929096
1985/08;188,63;175,2747758
1985/09;182,08;169,7956
1985/10;189,82;177,6242141
1985/11;202,17;189,7952127
1985/12;211,28;198,9656282
1986/01;211,78;200,0595876
1986/02;226,92;214,989901
1986/03;238,9;226,9732605
1986/04;235,52;224,3990814
1986/05;247,35;236,3114956
1986/06;250,84;240,2906239
1986/07;236,12;226,8397621
1986/08;252,93;243,6444868
1986/09;231,32;223,4884838
1986/10;243,98;236,3838258
1986/11;249,22;242,1278528
1986/12;242,16;235,9391263
1987/01;274,08;267,7130284
1987/02;284,2;278,2751643
1987/03;291,7;286,2993198
1987/04;288,35;283,6983832
1987/05;290,1;286,1137795
1987/06;304;300,5230257
1987/07;318,66;315,7210773
1987/08;329,79;327,4595857
1987/09;321,83;320,272401
1987/10;251,79;251,2937024
1987/11;230,31;230,5846022
1987/12;247,09;248,1196513
1988/01;257,07;258,8823705
1988/02;267,82;270,4553341
1988/03;258,89;262,1906356
1988/04;261,33;265,4249624
1988/05;262,16;267,0412882
1988/06;273,5;279,3759214
1988/07;272,02;278,6563429
1988/08;261,52;268,7012003
1988/09;271,91;280,1864847
1988/10;278,97;288,2814364
1988/11;273,7;283,6656817
1988/12;277,72;288,6724104
1989/01;297,47;310,0513169
1989/02;288,86;301,9367657
1989/03;294,87;309,0881563
1989/04;309,64;325,4514306
1989/05;320,52;337,7798235
1989/06;317,98;336,0076
1989/07;346,08;366,6185585
1989/08;351,45;373,2382986
1989/09;349,15;371,74
1989/10;340,36;363,11
1989/11;345,99;370,51
1989/12;353,4;379,41
1990/01;329,08;353,94
1990/02;331,89;358,5
1990/03;339,94;368
1990/04;330,8;358,81
1990/05;361,23;393,8
1990/06;358,02;391,14
1990/07;356,15;389,89
1990/08;322,56;354,65
1990/09;306,05;337,39
1990/10;304;335,95
1990/11;322,22;357,67
1990/12;330,22;367,63
1991/01;343,93;383,64
1991/02;367,07;411,08
1991/03;375,22;421,03
1991/04;375,35;422,03
1991/05;389,83;440,24
1991/06;371,16;420,07
1991/07;387,81;439,65
1991/08;395,43;450,06
1991/09;387,86;442,53
1991/10;392,46;448,48
1991/11;375,22;430,41
1991/12;417,09;479,63
1992/01;408,79;470,7
1992/02;412,7;476,79
1992/03;403,69;467,52
1992/04;414,95;481,25
1992/05;415,35;483,6
1992/06;408,14;476,41
1992/07;424,21;495,87
1992/08;414,03;485,72
1992/09;417,8;491,43
1992/10;418,68;493,13
1992/11;431,35;509,92
1992/12;435,71;516,18
1993/01;438,78;520,49
1993/02;443,38;527,59
1993/03;451,67;538,72
1993/04;440,19;525,7
1993/05;450,19;539,76
1993/06;450,53;541,34
1993/07;448,13;539,16
1993/08;463,56;559,62
1993/09;458,93;555,33
1993/10;467,83;566,82
1993/11;461,79;561,41
1993/12;466,45;568,2
1994/01;481,61;587,52
1994/02;467,14;571,57
1994/03;445,77;546,65
1994/04;450,91;553,66
1994/05;456,5;562,75
1994/06;444,27;548,96
1994/07;458,26;566,98
1994/08;475,49;590,23
1994/09;462,69;575,79
1994/10;472,35;588,73
1994/11;453,69;567,29
1994/12;459,27;575,7
1995/01;470,42;590,64
1995/02;487,39;613,65
1995/03;500,71;631,76
1995/04;514,71;650,36
1995/05;533,4;676,36
1995/06;544,75;692,07
1995/07;562,06;715,02
1995/08;561,88;716,82
1995/09;584,41;747,07
1995/10;581,5;744,4
1995/11;605,37;777,07
1995/12;615,93;792,04
1996/01;636,02;819
1996/02;640,43;826,59
1996/03;645,5;834,55
1996/04;654,17;846,85
1996/05;669,12;868,69
1996/06;670,63;872,01
1996/07;639,95;833,48
1996/08;651,99;851,06
1996/09;687,31;898,97
1996/10;705,27;923,76
1996/11;757,02;993,58
1996/12;740,74;973,9
1997/01;786,16;1034,74
1997/02;790,82;1042,85
1997/03;757,12;1000
1997/04;801,34;1059,7
1997/05;848,28;1124,22
1997/06;885,14;1174,59
1997/07;954,29;1268,05
1997/08;899,47;1197,01
1997/09;947,28;1262,56
1997/10;914,62;1220,4
1997/11;955,4;1276,89
1997/12;970,43;1298,82
1998/01;980,28;1313,19
1998/02;1049,34;1407,9
1998/03;1101,75;1480
1998/04;1111,75;1494,89
1998/05;1090,82;1469,19
1998/06;1133,84;1528,87
1998/07;1120,67;1512,59
1998/08;957,28;1293,9
1998/09;1017,01;1376,79
1998/10;1098,67;1488,78
1998/11;1163,63;1579,02
1998/12;1229,23;1670,01
1999/01;1279,64;1739,84
1999/02;1238,33;1685,77
1999/03;1286,37;1753,21
1999/04;1335,18;1821,11
1999/05;1301,84;1778,1
1999/06;1372,71;1876,78
1999/07;1328,72;1818,18
1999/08;1320,41;1809,19
1999/09;1282,71;1759,59
1999/10;1362,93;1870,94
1999/11;1388,91;1908,97
1999/12;1469,25;2021,4
2000/01;1394,46;1919,84
2000/02;1366,42;1883,5
2000/03;1498,58;2067,76
2000/04;1452,43;2005,55
2000/05;1420,6;1964,4
2000/06;1454,6;2012,83
2000/07;1430,83;1981,36
2000/08;1517,68;2104,43
2000/09;1436,51;1993,33
2000/10;1429,4;1984,9
2000/11;1314,95;1828,42
2000/12;1320,28;1837,36
2001/01;1366,01;1902,55
2001/02;1239,94;1729,07
2001/03;1160,33;1619,54
2001/04;1249,46;1745,39
2001/05;1255,82;1757,09
2001/06;1224,42;1714,32
2001/07;1211,23;1697,44
2001/08;1133,58;1591,18
2001/09;1040,94;1462,69
2001/10;1059,78;1490,58
2001/11;1139,45;1604,92
2001/12;1148,08;1618,98
2002/01;1130,2;1595,35
2002/02;1106,73;1564,59
2002/03;1147,39;1623,43
2002/04;1076,92;1525
2002/05;1067,14;1513,77
2002/06;989,81;1405,94
2002/07;911,62;1296,34
2002/08;916,07;1304,86
2002/09;815,28;1163,04
2002/10;885,76;1265,41
2002/11;936,31;1339,89
2002/12;879,82;1261,18
2003/01;855,7;1228,14
2003/02;841,15;1209,71
2003/03;848,18;1221,46
2003/04;916,92;1322,07
2003/05;963,59;1391,72
2003/06;974,5;1409,48
2003/07;990,31;1434,33
2003/08;1008,01;1462,3
2003/09;995,97;1446,77
2003/10;1050,71;1528,62
2003/11;1058,2;1542,07
2003/12;1111,92;1622,94
2004/01;1131,13;1652,73
2004/02;1144,94;1675,7
2004/03;1126,21;1650,42
2004/04;1107,3;1624,51
2004/05;1120,68;1646,8
2004/06;1140,84;1678,83
2004/07;1101,72;1623,26
2004/08;1104,24;1629,83
2004/09;1114,58;1647,48
2004/10;1130,2;1672,65
2004/11;1173,82;1740,33
2004/12;1211,92;1799,55
2005/01;1181,27;1755,68
2005/02;1203,6;1792,63
2005/03;1180,59;1760,89
2005/04;1156,85;1727,49
2005/05;1191,5;1782,46
2005/06;1191,33;1784,99
2005/07;1234,18;1851,37
2005/08;1220,33;1834,48
2005/09;1228,81;1849,33
2005/10;1207,01;1818,5
2005/11;1249,48;1887,28
2005/12;1248,29;1887,94
2006/01;1280,08;1937,93
2006/02;1280,66;1943,19
2006/03;1294,83;1967,38
2006/04;1310,61;1993,79
2006/05;1270,09;1936,41
2006/06;1270,2;1939,03
2006/07;1276,66;1950,99
2006/08;1303,82;1997,42
2006/09;1335,85;2048,89
2006/10;1377,94;2115,65
2006/11;1400,63;2155,89
2006/12;1418,3;2186,13
2007/01;1438,24;2219,19
2007/02;1406,82;2175,78
2007/03;1420,86;2200,12
2007/04;1482,37;2297,57
2007/05;1530,62;2377,75
2007/06;1503,35;2338,25
2007/07;1455,27;2265,75
2007/08;1473,99;2299,71
2007/09;1526,75;2385,72
2007/10;1549,38;2423,67
2007/11;1481,14;2322,34
2007/12;1468,35;2306,23
2008/01;1378,55;2167,9
2008/02;1330,63;2097,48
2008/03;1322,7;2088,42
2008/04;1385,59;2190,13
2008/05;1400,38;2218,5
2008/06;1280;2031,47
2008/07;1267,38;2014,39
2008/08;1282,83;2043,53
2008/09;1166,36;1861,44
2008/10;968,75;1548,81
2008/11;896,24;1437,68
2008/12;903,25;1452,98
2009/01;825,88;1330,51
2009/02;735,09;1188,84
2009/03;797,87;1292,98
2009/04;872,81;1416,73
2009/05;919,14;1495,97
2009/06;919,32;1498,94
2009/07;987,48;1612,31
2009/08;1020,62;1670,52
2009/09;1057,08;1732,86
2009/10;1036,19;1700,67
2009/11;1095,63;1802,68
2009/12;1115,1;1837,5
2010/01;1073,87;1771,4
2010/02;1104,49;1826,27
2010/03;1169,43;1936,48
2010/04;1186,69;1967,05
2010/05;1089,41;1809,98
2010/06;1030,71;1715,23
2010/07;1101,6;1835,4
2010/08;1049,33;1752,55
2010/09;1141,2;1908,95
2010/10;1183,26;1981,59
2010/11;1180,55;1981,84
2010/12;1257,64;2114,29
2011/01;1286,12;2164,4
2011/02;1327,22;2238,55
2011/03;1325,83;2239,44
2011/04;1363,61;2305,76
2011/05;1345,2;2279,66
2011/06;1320,64;2241,66
2011/07;1292,28;2196,08
2011/08;1218,89;2076,78
2011/09;1131,42;1930,79
2011/10;1253,3;2141,81
2011/11;1246,96;2137,08
2011/12;1257,6;2158,94
2012/01;1312,41;2255,69
2012/02;1365,68;2353,23
2012/03;1408,47;2430,67
2012/04;1397,91;2415,42
2012/05;1310,33;2270,25
2012/06;1362,16;2363,79
2012/07;1379,32;2396,62
2012/08;1406,58;2450,6
2012/09;1440,67;2513,93
2012/10;1412,16;2467,51
2012/11;1416,18;2481,82
2012/12;1426,19;2504,44
2013/01;1498,11;2634,16
2013/02;1514,68;2669,92
2013/03;1569,19;2770,05
2013/04;1597,57;2823,42
2013/05;1630,74;2889,46
2013/06;1606,28;2850,66
2013/07;1685,73;2995,72
2013/08;1632,97;2908,96
2013/09;1681,55;3000,18
2013/10;1756,54;3138,09
2013/11;1805,81;3233,72
2013/12;1848,36;3315,59
2014/01;1782,59;3200,95
2014/02;1859,45;3347,38
2014/03;1872,34;3375,51
2014/04;1883,95;3400,46
2014/05;1923,57;3480,29
2014/06;1960,23;3552,18
2014/07;1930,67;3503,19
2014/08;2003,37;3643,34
2014/09;1972,29;3592,25
2014/10;2018,05;3679,99
2014/11;2067,56;3778,96
2014/12;2058,9;3769,44
2015/01;1994,99;3656,28
2015/02;2104,5;3866,42
2015/03;2067,89;3805,27
2015/4;2085,51;3841,78
2015/5;2107,39;3891,18
2015/6;2063,11;3815,85
2015/7;2103,84;3895,8
2015/8;1972,18;3660,75
2015/9;1920,03;3570,17
2015/10;2079,36;3871,33
2015/11;2080,41;3882,84
2015/12;2043,94;3821,6
2016/1;1940,24;3631,96
2016/2;1932,23;3627,06
2016/3;2059,74;3873,11
2016/4;2065,3;3888,13
2016/5;2096,96;3957,95
2016/6;2098,86;3968,21
2016/7;2173,6;4114,51
2016/8;2170,95;4120,29
2016/9;2168,27;4121,06
2016/10;2126,15;4045,89
2016/11;2198,81;4195,73
2016/12;2238,83;4278,66
2017/1;2278,87;4359,81
2017/2;2363,64;4532,93
2017/3;2362,72;4538,21
2017/4;2384,2;4584,82
2017/5;2411,8;4649,34
2017/6;2423,41;4678,36
2017/7;2470,3;4774,56
2017/8;2471,65;4789,18
2017/9;2519,36;4887,97
2017/10;2575,26;5002,03
2017/11;2647,58;5155,44
2017/12;2673,61;5212,76
2018/1;2823,81;5511,21
2018/2;2713,83;5308,09
2018/3;2640,87;5173,19
2018/4;2648,05;5193,04
2018/5;2705,27;5318,1
2018/6;2718,37;5350,83
2018/7;2816,29;5549,96
2018/8;2901,52;5730,8
2018/9;2913,98;5763,42
2018/10;2711,74;5369,49
2018/11;2760,17;5478,91
2018/12;2506,85;4984,22
2019/1;2704,1;5383,63
2019/2;2784,49;5556,49
2019/3;2834,4;5664,46
2019/4;2945,83;5893,81
2019/5;2752,06;5519,27
2019/6;2941,76;5908,25
2019/7;2980,38;5993,17
2019/8;2926,46;5898,23
2019/9;2976,74;6008,59
2019/10;3037,56;6138,73
2019/11;3140,98;6361,56
2019/12;3230,78;6553,57
2020/1;3225,52;6551
2020/2;2954,22;6011,73
2020/3;2584,59;5269,2
2020/4;2912,43;5944,68
2020/5;3044,31;6227,81
2020/6;3100,29;6351,67
2020/7;3271,12;6709,81
2020/8;3500,31;7192,11
2020/9;3363;6918,83
2020/10;3269,96;6734,84
2020/11;3621,63;7472,06
2020/12;3756,07;7759,35
2021/1;3714,24;7681,01
2021/2;3811,15;7892,81
2021/3;3972,89;8238,48
2021/4;4181,17;8678,16
2021/5;4204,11;8738,77
2021/6;4297,5;8942,78
2021/7;4395,26;9155,21
2021/8;4522,68;9433,58
2021/9;4307,54;8994,83
2021/10;4605,38;9625,02
2021/11;4567;9558,33
2021/12;4766,18;9986,7
2022/1;4515,55;9469,92
2022/2;4373,94;9186,37
2022/3;4530,41;9527,46
2022/4;4131,93;8696,65
2022/5;4132,15;8712,6
2022/6;3785,38;7993,43
2022/7;4130,29;8730,46
2022/8;3955;8374,42
2022/9;3585,62;7603,14
2022/10;3871,98;8218,7
2022/11;4080,11;8678
2022/12;3839,5;8178,02
2023/1;4076,6;8691,88
2023/2;3970,15;8479,8
2023/3;4109,31;8791,13
2023/4;4169,48;8928,35
2023/5;4179,83;8967,16
2023/6;4450,38;9559,67
2023/7;4588,96;9866,77
2023/8;4507,66;9709,68
2023/9;4288,05;9246,74
2023/10;4193,8;9052,31
2023/11;4567,8;9879,02
2023/12;4769,83;10327,83
2024/1;4845,65;10501,38
2024/2;5096,27;11062,11
2024/3;5254,35;11418,03
